time,latitude,longitude,depth,mag,magType,nst,gap,dmin,rms,net,id,updated,place,type,horizontalError,depthError,magError,magNst,status,locationSource,magSource
2017-01-17T14:21:15.020Z,37.671833,-118.8786697,0.62,1.43,md,11,126,0.02737,0.04,nc,nc72753285,2017-01-17T14:36:03.007Z,"8km ENE of Mammoth Lakes, California",earthquake,0.3,0.94,0.2,11,automatic,nc,nc
2017-01-17T14:18:56.230Z,35.3971667,-117.8206667,9.1,1.02,ml,19,133,0.1311,0.11,ci,ci37569959,2017-01-17T14:37:03.070Z,"17km W of Johannesburg, CA",earthquake,0.27,1.03,0.159,19,reviewed,ci,ci
2017-01-17T14:13:46.810Z,35.729332,-121.0879974,6.66,2.28,md,34,50,0.07125,0.08,nc,nc72753280,2017-01-17T14:18:02.962Z,"13km NE of San Simeon, California",earthquake,0.23,0.62,0.16,36,automatic,nc,nc
2017-01-17T14:00:39.232Z,63.607,-147.6044,4.1,1.9,ml,,,,0.91,ak,ak15086269,2017-01-17T14:13:40.948Z,"71km ENE of Cantwell, Alaska",earthquake,,0.3,,,automatic,ak,ak
2017-01-17T13:46:04.880Z,33.5768333,-116.788,12.43,0.54,ml,22,64,0.02609,0.22,ci,ci37569943,2017-01-17T14:36:17.596Z,"11km WNW of Anza, CA",earthquake,0.47,0.97,0.173,13,reviewed,ci,ci
2017-01-17T13:39:42.860Z,33.679,-116.7075,16.4,2.39,ml,74,19,0.03256,0.17,ci,ci37569935,2017-01-17T14:40:10.490Z,"7km S of Idyllwild, CA",earthquake,0.15,0.3,0.198,26,reviewed,ci,ci
2017-01-17T13:04:35.600Z,58.1899,-136.9753,7.5,2.4,ml,,,,0.65,ak,ak15085844,2017-01-17T13:14:26.867Z,"76km WSW of Gustavus, Alaska",earthquake,,0.3,,,automatic,ak,ak
2017-01-17T12:37:19.520Z,36.5315,-116.311,9.5,1.4,ml,32,59.25,0.049,,nn,nn00574380,2017-01-17T12:47:05.327Z,"46km NW of Pahrump, Nevada",earthquake,,,,,automatic,nn,nn
2017-01-17T12:16:56.340Z,33.6588333,-116.735,13.37,0.33,ml,20,87,0.05501,0.13,ci,ci37569911,2017-01-17T14:38:49.267Z,"9km S of Idyllwild, CA",earthquake,0.28,0.52,0.09,9,reviewed,ci,ci
2017-01-17T12:02:39.310Z,38.8383331,-122.829834,2.02,0.68,md,7,111,0.01573,0,nc,nc72753255,2017-01-17T12:22:03.712Z,"9km W of Cobb, California",earthquake,0.41,0.99,0.11,2,automatic,nc,nc
2017-01-17T11:48:46.400Z,5.4276,94.5615,35,5.1,mwb,,26,2.383,1.19,us,us10007tps,2017-01-17T13:54:39.744Z,"85km W of Banda Aceh, Indonesia",earthquake,3.1,1.9,0.078,16,reviewed,us,us
2017-01-17T11:32:54.218Z,62.2002,-153.4789,0.1,2.3,ml,,,,0.79,ak,ak15085008,2017-01-17T11:49:19.212Z,"137km SE of McGrath, Alaska",earthquake,,0.4,,,automatic,ak,ak
2017-01-17T10:50:41.528Z,61.3388,-150.7245,44,1.8,ml,,,,0.38,ak,ak15085006,2017-01-17T11:01:05.494Z,"45km WSW of Big Lake, Alaska",earthquake,,1.4,,,automatic,ak,ak
2017-01-17T10:41:14.950Z,29.6,51.497,10,4.8,mb,,122,6.247,0.97,us,us10007tpm,2017-01-17T11:35:39.040Z,"15km W of Kazerun, Iran",earthquake,9.4,1.9,0.07,63,reviewed,us,us
2017-01-17T10:40:22.800Z,17.8903,-65.6461,11,1.6,Md,3,280.8,0.22278219,0.23,pr,pr17017005,2017-01-17T12:15:56.626Z,"27km ESE of Emajagua, Puerto Rico",earthquake,1.5,1.8,0,2,reviewed,pr,pr
2017-01-17T10:18:54.700Z,17.86,-65.6157,17,1.8,Md,4,284.4,0.24344344,0.07,pr,pr17017004,2017-01-17T11:56:29.177Z,"30km SSW of Esperanza, Puerto Rico",earthquake,1,1.3,0,4,reviewed,pr,pr
2017-01-17T10:07:47.270Z,38.8236656,-122.8059998,2.52,0.63,md,10,109,0.003194,0.02,nc,nc72753240,2017-01-17T10:23:02.464Z,"6km NW of The Geysers, California",earthquake,0.57,0.71,0.11,2,automatic,nc,nc
2017-01-17T10:04:36.547Z,58.0996,-157.2034,0,3.1,ml,,,,0.62,ak,ak15084485,2017-01-17T10:15:34.464Z,"72km SSW of King Salmon, Alaska",earthquake,,0.5,,,automatic,ak,ak
2017-01-17T09:59:19.300Z,17.8612,-65.6447,14,1.9,Md,3,288,0.24973165,0.07,pr,pr17017003,2017-01-17T11:44:42.839Z,"29km ESE of Emajagua, Puerto Rico",earthquake,1,7.5,0,3,reviewed,pr,pr
2017-01-17T09:57:34.160Z,33.291,-115.6931667,2.16,1.67,ml,27,116,0.07002,0.27,ci,ci37569879,2017-01-17T10:08:11.930Z,"8km SSE of Bombay Beach, CA",earthquake,0.48,0.86,0.202,28,automatic,ci,ci
2017-01-17T09:22:02.520Z,-56.8549,-26.0493,91.68,5.1,mb,,219,17.254,0.75,us,us10007tmm,2017-01-17T09:40:37.040Z,"72km ESE of Visokoi Island, South Georgia and the South Sandwich Islands",earthquake,20.9,12.9,0.108,28,reviewed,us,us
2017-01-17T09:14:44.656Z,58.2437,-136.8174,4.8,2.3,ml,,,,0.63,ak,ak15084063,2017-01-17T09:19:49.243Z,"66km WSW of Gustavus, Alaska",earthquake,,0.5,,,automatic,ak,ak
2017-01-17T09:09:58.580Z,33.2786667,-116.1428333,3.76,0.82,ml,16,151,0.1266,0.23,ci,ci37569863,2017-01-17T09:13:20.868Z,"15km N of Ocotillo Wells, CA",earthquake,0.63,2.73,0.159,16,automatic,ci,ci
2017-01-17T09:08:02.020Z,19.8621,-76.5937,11.03,5.4,mb,,28,1.396,1.22,us,us10007tmh,2017-01-17T13:39:37.324Z,"43km S of Guisa, Cuba",earthquake,6.9,4.2,0.023,661,reviewed,us,us
2017-01-17T09:04:43.530Z,19.3990002,-155.2821655,2.88,2.09,md,11,85,0.008819,0.24,hv,hv61566221,2017-01-17T09:07:58.770Z,"5km SW of Volcano, Hawaii",earthquake,0.53,0.57,0.06,6,automatic,hv,hv
2017-01-17T08:53:56.293Z,65.2032,-151.0284,2.6,2.4,ml,,,,0.86,ak,ak15084055,2017-01-17T09:12:33.479Z,"29km NW of Manley Hot Springs, Alaska",earthquake,,0.3,,,automatic,ak,ak
2017-01-17T08:52:22.920Z,37.4153328,-118.4688339,8.02,1.19,md,9,122,0.03471,0.03,nc,nc72753230,2017-01-17T09:08:02.272Z,"5km NW of Dixon Lane-Meadow Creek, California",earthquake,0.36,1.21,0.08,5,automatic,nc,nc
2017-01-17T08:47:09.740Z,33.4965,-116.542,11.78,0.59,ml,23,81,0.05034,0.16,ci,ci37569855,2017-01-17T08:50:57.459Z,"14km ESE of Anza, CA",earthquake,0.32,0.47,0.148,18,automatic,ci,ci
2017-01-17T08:47:02.860Z,36.535,-98.9661,3.89,2.5,mb_lg,,111,0.103,0.46,us,us10007tmd,2017-01-17T13:45:20.592Z,"23km ENE of Mooreland, Oklahoma",earthquake,1.9,6.1,0.089,33,reviewed,us,us
2017-01-17T08:36:47.890Z,38.8383331,-122.8303299,2.15,1.35,md,21,54,0.004036,0.02,nc,nc72753225,2017-01-17T08:52:03.243Z,"9km W of Cobb, California",earthquake,0.23,0.4,0.13,5,automatic,nc,nc
2017-01-17T08:19:14.970Z,38.8383331,-122.8326645,2.7,1.5,md,25,56,0.002219,0.06,nc,nc72753220,2017-01-17T08:35:02.211Z,"9km W of Cobb, California",earthquake,0.26,0.49,0.12,9,automatic,nc,nc
2017-01-17T08:11:08.230Z,33.3301667,-115.6591667,11.05,1.22,ml,8,186,0.06593,0.21,ci,ci37569839,2017-01-17T08:14:44.984Z,"7km ESE of Bombay Beach, CA",earthquake,2.18,2.52,0.216,21,automatic,ci,ci
2017-01-17T08:03:18.944Z,58.2578,-136.6186,1.2,2.3,ml,,,,0.66,ak,ak15084053,2017-01-17T08:08:16.862Z,"54km WSW of Gustavus, Alaska",earthquake,,1.1,,,automatic,ak,ak
2017-01-17T08:02:46.010Z,38.8375015,-122.7731705,1.46,1.05,md,17,85,0.005683,0.02,nc,nc72753215,2017-01-17T08:19:02.186Z,"4km WNW of Cobb, California",earthquake,0.28,0.31,0.06,5,automatic,nc,nc
2017-01-17T07:47:08.680Z,37.4143333,-118.4696655,8.53,1.32,md,9,123,0.03572,0.01,nc,nc72753210,2017-01-17T08:08:02.145Z,"5km WNW of Dixon Lane-Meadow Creek, California",earthquake,0.34,1.23,0.47,6,automatic,nc,nc
2017-01-17T07:46:20.450Z,22.0455,143.7031,121.76,4.7,mb,,102,5.214,0.69,us,us10007tm6,2017-01-17T08:04:43.040Z,"207km NW of Farallon de Pajaros, Northern Mariana Islands",earthquake,11.2,7,0.061,82,reviewed,us,us
2017-01-17T07:41:48.170Z,38.7680016,-122.9593353,3.63,1.61,md,11,105,0.04343,0.17,nc,nc72753205,2017-01-17T07:56:02.130Z,"6km SE of Cloverdale, California",earthquake,0.83,2.5,0.2,9,automatic,nc,nc
2017-01-17T07:36:01.114Z,61.6488,-146.1271,28.3,1.9,ml,,,,0.39,ak,ak15084052,2017-01-17T07:42:18.164Z,"58km NNE of Valdez, Alaska",earthquake,,0.3,,,automatic,ak,ak
2017-01-17T07:13:45.430Z,36.0185013,-120.5820007,3.68,1.57,md,20,115,0.0379,0.06,nc,nc72753200,2017-01-17T07:36:02.090Z,"24km SW of Coalinga, California",earthquake,0.3,0.56,0.2,13,automatic,nc,nc
2017-01-17T07:12:26.706Z,60.1374,-152.9958,124.9,2.2,ml,,,,0.17,ak,ak15083651,2017-01-17T07:17:50.818Z,"41km SSW of Redoubt Volcano, Alaska",earthquake,,1.5,,,automatic,ak,ak
2017-01-17T06:59:13.616Z,61.6179,-149.6456,32.2,2.1,ml,,,,0.68,ak,ak15083646,2017-01-17T07:10:05.149Z,"2km WSW of Meadow Lakes, Alaska",earthquake,,0.3,,,automatic,ak,ak
2017-01-17T06:56:41.156Z,63.7655,-152.1524,14.4,2.1,ml,,,,0.62,ak,ak15083643,2017-01-17T07:10:04.905Z,"156km S of Tanana, Alaska",earthquake,,0.6,,,automatic,ak,ak
2017-01-17T06:47:37.520Z,33.625,-116.6606667,13.85,0.37,ml,13,95,0.05259,0.06,ci,ci37569823,2017-01-17T06:51:18.054Z,"8km N of Anza, CA",earthquake,0.24,0.53,0.123,6,automatic,ci,ci
2017-01-17T06:26:25.050Z,57.8796,-155.4604,98.1,2.4,ml,,,,0.35,ak,ak15083640,2017-01-17T06:35:49.977Z,"96km WNW of Larsen Bay, Alaska",earthquake,,0.7,,,automatic,ak,ak
2017-01-17T06:09:22.200Z,19.3232,-65.196,25,3.1,Md,5,316.8,1.01329964,0.36,pr,pr17017002,2017-01-17T08:02:09.909Z,"112km NNW of Charlotte Amalie, U.S. Virgin Islands",earthquake,2.6,30.7,0,4,reviewed,pr,pr
2017-01-17T06:01:10.810Z,35.6233333,-118.155,12.05,1.82,ml,27,65,0.08732,0.13,ci,ci37569815,2017-01-17T06:48:18.075Z,"28km ESE of Kernville, CA",earthquake,0.19,0.54,0.333,27,automatic,ci,ci
2017-01-17T05:45:08.210Z,38.8361664,-122.7751694,1.84,0.54,md,10,94,0.006497,0.03,nc,nc72753170,2017-01-17T06:01:02.893Z,"4km WNW of Cobb, California",earthquake,0.32,0.44,0.13,4,automatic,nc,nc
2017-01-17T05:39:38.640Z,33.2541667,-116.4051667,4.91,0.68,ml,19,90,0.01723,0.23,ci,ci37569807,2017-01-17T05:43:24.592Z,"3km W of Borrego Springs, CA",earthquake,0.49,0.44,0.194,14,automatic,ci,ci
2017-01-17T05:28:03.000Z,17.8985,-65.6295,6,3.5,Md,16,180,0.20930746,0.2,pr,pr17017001,2017-01-17T07:31:26.557Z,"27km SW of Esperanza, Puerto Rico",earthquake,0.5,0.6,0,15,reviewed,pr,pr
2017-01-17T05:03:09.950Z,34.7731667,-120.0248333,0.46,1.39,ml,15,47,0.05404,0.26,ci,ci37569799,2017-01-17T05:06:41.795Z,"14km NE of Los Olivos, CA",earthquake,0.53,31.61,0.116,17,automatic,ci,ci
2017-01-17T05:01:55.970Z,37.4883347,-119.3773346,1.43,2.01,md,8,107,0.1709,0.08,nc,nc72753160,2017-01-17T05:06:01.776Z,"29km NE of Oakhurst, California",earthquake,0.81,6.12,0.24,7,automatic,nc,nc
2017-01-17T04:59:12.413Z,63.261,-149.0254,68.9,1.6,ml,,,,0.87,ak,ak15083235,2017-01-17T05:19:16.391Z,"15km SSW of Cantwell, Alaska",earthquake,,0.7,,,automatic,ak,ak
2017-01-17T04:47:20.810Z,33.513,-116.542,7.95,0.42,ml,22,80,0.05351,0.19,ci,ci37569783,2017-01-17T04:51:04.621Z,"13km ESE of Anza, CA",earthquake,0.39,0.62,0.118,11,automatic,ci,ci
2017-01-17T04:37:35.640Z,38.8068352,-122.7411652,1.28,0.89,md,10,81,0.0127,0.01,nc,nc72753145,2017-01-17T04:53:02.753Z,"2km SW of Cobb, California",earthquake,0.3,1.4,0.02,3,automatic,nc,nc
2017-01-17T04:23:40.977Z,61.3256,-150.4509,40.1,2.2,ml,,,,0.55,ak,ak15083229,2017-01-17T04:30:12.664Z,"31km WNW of Anchorage, Alaska",earthquake,,0.6,,,automatic,ak,ak
2017-01-17T04:21:38.720Z,33.6595,-116.7238333,13.93,0.54,ml,19,82,0.05216,0.11,ci,ci37569775,2017-01-17T04:25:25.763Z,"9km S of Idyllwild, CA",earthquake,0.31,0.49,0.071,11,automatic,ci,ci
2017-01-17T04:14:32.280Z,38.4263,-118.9008,19.3,1.5,ml,9,157.45,0.365,,nn,nn00574360,2017-01-17T04:15:58.299Z,"26km WSW of Hawthorne, Nevada",earthquake,,,,,automatic,nn,nn
2017-01-17T04:10:50.096Z,58.1947,-136.6411,13,3.4,ml,,,,0.81,ak,ak15083226,2017-01-17T04:20:56.156Z,"58km WSW of Gustavus, Alaska",earthquake,,0.8,,,automatic,ak,ak
2017-01-17T03:59:51.090Z,33.2425,-116.6658333,9.14,0.53,ml,14,78,0.04595,0.19,ci,ci37569759,2017-01-17T04:03:33.133Z,"5km SW of Warner Springs, CA",earthquake,0.42,0.86,0.212,10,automatic,ci,ci
2017-01-17T03:46:43.909Z,38.4299,-118.9011,6.1,1.2,ml,10,131.97,0.11,0.1382,nn,nn00574356,2017-01-17T06:25:51.498Z,"26km WSW of Hawthorne, Nevada",earthquake,,3.3,0.13,7,reviewed,nn,nn
2017-01-17T03:44:55.739Z,38.4333,-118.9034,7.3,1,ml,9,200.51,0.111,0.1357,nn,nn00574365,2017-01-17T06:19:35.878Z,"26km WSW of Hawthorne, Nevada",earthquake,,2.4,0.18,5,reviewed,nn,nn
2017-01-17T03:21:26.724Z,61.9993,-150.8172,0,1.7,ml,,,,0.63,ak,ak15083225,2017-01-17T03:27:30.243Z,"49km NW of Willow, Alaska",earthquake,,0.5,,,automatic,ak,ak
2017-01-17T03:13:29.000Z,38.8400002,-122.828331,2.05,1.67,md,28,50,0.005763,0.05,nc,nc72753110,2017-01-17T03:29:02.588Z,"9km WNW of Cobb, California",earthquake,0.19,0.34,0.09,10,automatic,nc,nc
2017-01-17T02:59:32.600Z,18.2665,-67.2119,29,2.1,Md,7,223.2,0.15001865,0.34,pr,pr17017000,2017-01-17T03:43:13.600Z,"3km SW of La Playa, Puerto Rico",earthquake,1.5,1.9,0,4,reviewed,pr,pr
2017-01-17T02:56:32.758Z,62.0165,-150.5296,46.4,2,ml,,,,0.35,ak,ak15082825,2017-01-17T03:06:36.075Z,"38km WSW of Y, Alaska",earthquake,,1.3,,,automatic,ak,ak
2017-01-17T02:50:41.287Z,38.3836,-118.9034,7.6,0.9,ml,12,159.46,0.131,0.1661,nn,nn00574354,2017-01-17T06:13:19.946Z,"28km WSW of Hawthorne, Nevada",earthquake,,3.6,0.47,4,reviewed,nn,nn
2017-01-17T02:44:42.250Z,33.8926667,-116.7373333,16.36,0.81,ml,27,80,0.07725,0.19,ci,ci37569751,2017-01-17T02:48:22.241Z,"5km ESE of Cabazon, CA",earthquake,0.36,0.76,0.124,20,automatic,ci,ci
2017-01-17T02:35:15.959Z,38.2896,-118.6738,6.7,1.7,ml,18,58.37,0.138,0.1602,nn,nn00574352,2017-01-17T04:04:32.184Z,"26km S of Hawthorne, Nevada",earthquake,,2.6,0.34,12,reviewed,nn,nn
2017-01-17T02:31:23.333Z,61.4741,-146.4263,35.4,1.8,ml,,,,0.55,ak,ak15082823,2017-01-17T02:39:27.752Z,"38km N of Valdez, Alaska",earthquake,,0.7,,,automatic,ak,ak
2017-01-17T02:12:29.374Z,58.1068,-157.0166,5,2.2,ml,,,,0.66,ak,ak15082821,2017-01-17T02:21:35.789Z,"68km SSW of King Salmon, Alaska",earthquake,,0.5,,,automatic,ak,ak
2017-01-17T01:55:39.611Z,38.3743,-118.9021,5.5,1.3,ml,14,74.55,0.136,0.1886,nn,nn00574349,2017-01-17T02:08:52.519Z,"29km SW of Hawthorne, Nevada",earthquake,,4.1,0.28,6,reviewed,nn,nn
2017-01-17T01:40:02.120Z,38.800499,-122.8031693,0.1,1.11,md,16,135,0.009664,0.04,nc,nc72753085,2017-01-17T01:55:02.366Z,"4km WNW of The Geysers, California",earthquake,0.24,0.64,0.11,4,automatic,nc,nc
2017-01-17T01:24:15.090Z,38.8398323,-122.8320007,1.81,0.7,md,12,62,0.002992,0.02,nc,nc72753080,2017-01-17T01:39:03.334Z,"9km WNW of Cobb, California",earthquake,0.28,0.63,0.1,2,automatic,nc,nc
2017-01-17T01:17:48.200Z,-13.5404,166.5384,44.83,5.1,mb,,88,7.296,1.21,us,us10007tl5,2017-01-17T03:06:36.040Z,"115km WNW of Sola, Vanuatu",earthquake,8.3,5.9,0.086,44,reviewed,us,us
2017-01-17T01:11:19.561Z,38.3942,-118.897,10.2,0.8,ml,9,157.46,0.121,0.1363,nn,nn00574348,2017-01-17T02:05:44.180Z,"27km WSW of Hawthorne, Nevada",earthquake,,3.3,0.54,5,reviewed,nn,nn
2017-01-17T00:59:22.170Z,33.3105,-115.6951667,4.98,2.03,ml,34,101,0.05274,0.25,ci,ci37569743,2017-01-17T01:10:26.300Z,"6km SE of Bombay Beach, CA",earthquake,0.45,0.94,0.135,26,automatic,ci,ci
2017-01-17T00:29:37.859Z,58.1744,-136.7913,10.9,2.9,ml,,,,1,ak,ak15082415,2017-01-17T05:54:30.991Z,"67km WSW of Gustavus, Alaska",earthquake,,0.3,,,reviewed,ak,ak
2017-01-17T00:27:18.502Z,64.9872,-147.2299,0,1.5,ml,,,,0.84,ak,ak15082412,2017-01-17T00:46:42.887Z,"25km NE of Badger, Alaska",earthquake,,0.3,,,automatic,ak,ak
2017-01-17T00:23:41.197Z,38.2485,-118.7983,8.4,0.5,ml,5,213.92,0.186,0.0419,nn,nn00574344,2017-01-17T00:39:51.112Z,"34km SSW of Hawthorne, Nevada",earthquake,,15.9,0.16,2,reviewed,nn,nn
2017-01-17T00:23:17.669Z,38.2448,-118.797,8.4,0.7,ml,8,125.21,0.182,0.1429,nn,nn00574342,2017-01-17T02:02:36.866Z,"34km SSW of Hawthorne, Nevada",earthquake,,13.8,0.11,3,reviewed,nn,nn
2017-01-17T00:21:36.623Z,63.3924,-148.8619,80.6,2.3,ml,,,,0.47,ak,ak15082408,2017-01-17T00:31:01.489Z,"4km E of Cantwell, Alaska",earthquake,,0.8,,,automatic,ak,ak
2017-01-17T00:00:06.431Z,61.6921,-149.6449,28.4,1.9,ml,,,,0.27,ak,ak15082405,2017-01-17T00:11:28.349Z,"7km NNW of Meadow Lakes, Alaska",earthquake,,0.3,,,automatic,ak,ak
2017-01-16T23:55:09.910Z,33.1475,-116.6338333,2.51,0.88,ml,27,82,0.05273,0.2,ci,ci37569711,2017-01-16T23:58:54.108Z,"8km NNW of Julian, CA",earthquake,0.35,0.5,0.128,23,automatic,ci,ci
2017-01-16T23:55:08.011Z,38.414,-118.9325,8.2,2,ml,18,70.5,0.138,0.1535,nn,nn00574336,2017-01-17T00:21:26.411Z,"29km WSW of Hawthorne, Nevada",earthquake,,1,0.2,8,reviewed,nn,nn
2017-01-16T23:36:03.064Z,38.3693,-118.9134,7.3,2.2,ml,21,109.91,0.146,0.1793,nn,nn00574338,2017-01-17T08:37:58.808Z,"30km SW of Hawthorne, Nevada",earthquake,,1.4,0.19,10,reviewed,nn,nn
2017-01-16T23:32:22.230Z,37.6433334,-118.8893356,2.92,0.82,md,11,90,0.006046,0.03,nc,nc72753040,2017-01-16T23:59:02.852Z,"7km E of Mammoth Lakes, California",earthquake,0.5,0.39,0.16,7,automatic,nc,nc
2017-01-16T23:21:18.776Z,64.9722,-149.3034,17.9,1.7,ml,,,,0.68,ak,ak15082392,2017-01-16T23:38:59.471Z,"44km NNW of North Nenana, Alaska",earthquake,,0.2,,,automatic,ak,ak
2017-01-16T23:12:23.619Z,38.3526,-118.8947,13.4,0.8,ml,10,120.04,0.146,0.1238,nn,nn00574335,2017-01-16T23:56:32.801Z,"30km SW of Hawthorne, Nevada",earthquake,,8,0.16,2,reviewed,nn,nn
2017-01-16T23:07:18.900Z,38.7886658,-122.7363358,1.76,0.88,md,8,67,0.005429,0.02,nc,nc72753015,2017-01-16T23:36:02.801Z,"2km NE of The Geysers, California",earthquake,0.38,0.79,0.08,3,automatic,nc,nc
2017-01-16T23:03:14.109Z,38.372,-118.8776,11.9,0.8,ml,6,235.53,0.317,0.2171,nn,nn00574346,2017-01-17T00:55:10.694Z,"27km SW of Hawthorne, Nevada",earthquake,,11.9,0.44,3,reviewed,nn,nn
2017-01-16T22:58:44.310Z,38.8378334,-122.7835007,1,2.44,md,39,47,0.005375,0.05,nc,nc72753000,2017-01-16T23:03:03.713Z,"5km WNW of Cobb, California",earthquake,0.16,0.21,0.2,19,automatic,nc,nc
2017-01-16T22:57:36.900Z,17.9985,-66.4776,16,2.3,Md,13,172.8,0.12217088,0.34,pr,pr17016010,2017-01-17T01:13:42.494Z,"1km ENE of Capitanejo, Puerto Rico",earthquake,0.7,0.8,0,13,reviewed,pr,pr
2017-01-16T22:22:45.377Z,57.4781,-136.8012,35.6,3.2,ml,,,,1.13,ak,ak15082001,2017-01-16T22:38:49.186Z,"100km WNW of Sitka, Alaska",earthquake,,5.9,,,automatic,ak,ak
2017-01-16T22:22:18.230Z,34.6166667,-117.3068333,0.11,1.12,ml,18,119,0.05895,0.29,ci,ci37569655,2017-01-16T22:26:08.417Z,"9km N of Victorville, CA",earthquake,0.75,31.61,0.156,21,automatic,ci,ci
2017-01-16T22:14:17.006Z,38.3934,-118.8872,10.4,1.3,ml,9,155.9,0.115,0.1576,nn,nn00574315,2017-01-16T22:26:55.462Z,"27km WSW of Hawthorne, Nevada",earthquake,,2.4,0.23,3,reviewed,nn,nn
2017-01-16T22:13:25.630Z,34.1428333,-118.3631667,0.82,1.76,ml,12,70,0.1503,0.39,ci,ci37569647,2017-01-16T22:17:20.350Z,"1km WNW of Universal City, CA",earthquake,1.09,31.61,0.329,17,automatic,ci,ci
2017-01-16T22:09:45.340Z,49.4181667,-120.54,-0.51,2.1,ml,6,224,0.6055,0.24,uw,uw61229022,2017-01-17T02:09:44.010Z,"4km SSW of Princeton, Canada",explosion,1.65,31.61,0.207,5,reviewed,uw,uw
2017-01-16T22:03:16.300Z,33.8406667,-117.496,1.28,1.2,ml,51,62,0.04836,0.17,ci,ci37569639,2017-01-16T22:07:14.988Z,"5km SSE of Home Gardens, CA",quarry blast,0.22,0.44,0.166,32,automatic,ci,ci
2017-01-16T22:03:10.640Z,33.8298333,-117.8811667,0.52,1.93,ml,21,200,0.203,0.33,ci,ci37569631,2017-01-16T22:06:57.237Z,"1km SE of Anaheim, CA",earthquake,2.05,31.61,0.201,6,automatic,ci,ci
2017-01-16T22:02:50.290Z,38.8233337,-122.8061676,2.37,1.47,md,25,71,0.003052,0.03,nc,nc72752980,2017-01-16T22:20:03.608Z,"6km NW of The Geysers, California",earthquake,0.23,0.46,0.09,6,automatic,nc,nc
2017-01-16T21:50:19.095Z,61.4246,-140.149,0,2.6,ml,,,,0.65,ak,ak15081600,2017-01-16T22:09:43.405Z,"160km WNW of Haines Junction, Canada",earthquake,,0.4,,,automatic,ak,ak
2017-01-16T21:40:10.760Z,58.1321,-136.8279,12.2,4.4,mb,,,,1.34,us,us10007tka,2017-01-16T22:23:44.040Z,"71km WSW of Gustavus, Alaska",earthquake,3.8,5.7,0.068,62,reviewed,ak,us
2017-01-16T21:38:59.523Z,64.3438,-149.9874,10,0.8,ml,,,,0.64,ak,ak15081580,2017-01-17T05:37:08.756Z,"49km WSW of North Nenana, Alaska",earthquake,,0,,,reviewed,ak,ak
2017-01-16T21:30:04.791Z,62.3694,-148.4374,26.9,2.2,ml,,,,1.01,ak,ak15081574,2017-01-16T21:43:47.349Z,"67km NNE of Sutton-Alpine, Alaska",earthquake,,0.2,,,automatic,ak,ak
2017-01-16T21:23:42.585Z,38.3634,-118.9151,6.9,0.9,ml,6,293.51,0.15,0.1644,nn,nn00574326,2017-01-16T23:13:21.927Z,"30km ENE of Bridgeport, California",earthquake,,4.7,0.08,2,reviewed,nn,nn
2017-01-16T21:22:15.860Z,33.517,-116.4586667,4.62,1.03,ml,36,69,0.02827,0.21,ci,ci37569623,2017-01-16T21:25:57.855Z,"20km ESE of Anza, CA",earthquake,0.26,0.64,0.21,27,automatic,ci,ci
2017-01-16T21:21:05.170Z,38.7871666,-122.7483368,2.49,0.92,md,9,99,0.009887,0.01,nc,nc72752970,2017-01-16T21:36:01.532Z,"1km NNE of The Geysers, California",earthquake,0.44,0.89,0.05,4,automatic,nc,nc
2017-01-16T21:06:34.403Z,58.1503,-136.5419,0,2.8,ml,,,,0.76,ak,ak15081563,2017-01-16T21:17:53.067Z,"55km WSW of Gustavus, Alaska",earthquake,,0.6,,,automatic,ak,ak
2017-01-16T20:59:29.560Z,32.9478333,-117.6701667,2.59,2.29,ml,21,187,0.4767,0.22,ci,ci37569583,2017-01-16T21:03:05.336Z,"37km WSW of Encinitas, CA",earthquake,0.9,4.31,0.133,26,automatic,ci,ci
2017-01-16T20:53:37.200Z,58.155,-136.8172,10,4.1,ml,,156,1.117,1.1,us,us10007tk0,2017-01-16T22:04:32.080Z,"69km WSW of Gustavus, Alaska",earthquake,5.5,2,,19,reviewed,us,at
2017-01-16T20:47:38.290Z,-13.4817,166.4962,10,5.9,mwb,,61,7.289,1.18,us,us10007tjy,2017-01-16T22:53:28.114Z,"122km WNW of Sola, Vanuatu",earthquake,8.9,1.8,0.048,41,reviewed,us,us
2017-01-16T20:44:46.095Z,38.384,-118.9046,13.5,0.7,ml,9,173.51,0.131,0.1597,nn,nn00574324,2017-01-16T23:10:14.885Z,"29km WSW of Hawthorne, Nevada",earthquake,,2.5,0.07,2,reviewed,nn,nn
2017-01-16T20:40:43.850Z,36.7662,-116.1627,5.7,0,ml,5,274.5,0.052,0.1338,nn,nn00574323,2017-01-16T23:01:00.112Z,"55km ESE of Beatty, Nevada",earthquake,,4.8,0.03,2,reviewed,nn,nn
2017-01-16T20:40:01.230Z,38.8363342,-122.7825012,1.31,0.53,md,8,109,0.006466,0.03,nc,nc72752955,2017-01-16T20:55:02.455Z,"5km WNW of Cobb, California",earthquake,0.5,0.89,0.02,2,automatic,nc,nc
2017-01-16T20:20:24.483Z,38.3574,-118.8137,5.7,1,ml,6,267.01,0.107,0.11,nn,nn00574291,2017-01-16T20:37:30.246Z,"24km SW of Hawthorne, Nevada",earthquake,,3.4,0.26,2,reviewed,nn,nn
2017-01-16T20:09:46.949Z,63.0788,-149.2172,80.9,2.3,ml,,,,0.55,ak,ak15081169,2017-01-16T20:20:04.632Z,"37km SSW of Cantwell, Alaska",earthquake,,0.4,,,automatic,ak,ak
2017-01-16T20:09:00.500Z,18.6947,-64.2864,51,3.2,Md,4,345.6,1.01958785,0.15,pr,pr17016011,2017-01-17T01:11:16.604Z,"46km NE of Road Town, British Virgin Islands",earthquake,4.1,6.2,0,3,reviewed,pr,pr
2017-01-16T19:36:21.093Z,58.943,-151.2411,35.8,2.5,ml,,,,0.51,ak,ak15081168,2017-01-16T19:42:09.620Z,"79km SSE of Homer, Alaska",earthquake,,5.2,,,automatic,ak,ak
2017-01-16T19:07:20.890Z,55.5225,160.077,198.42,5,mb,,97,2.64,0.84,us,us10007tjn,2017-01-16T19:23:18.040Z,"97km ESE of Esso, Russia",earthquake,10.2,8.4,0.062,83,reviewed,us,us
2017-01-16T19:03:20.250Z,34.1685,-117.4315,10.05,1.08,ml,26,73,0.06901,0.2,ci,ci37569503,2017-01-16T19:07:10.448Z,"6km SSW of Devore, CA",earthquake,0.4,0.71,0.22,31,automatic,ci,ci
2017-01-16T19:03:12.610Z,33.7221667,-117.5178333,24.27,1.47,ml,13,151,0.05112,0.38,ci,ci37569495,2017-01-16T19:06:54.100Z,"9km NE of Trabuco Canyon, CA",earthquake,1.31,3.26,0.498,9,automatic,ci,ci
2017-01-16T18:58:45.983Z,61.2207,-149.9946,31.3,2.4,ml,,,,0.8,ak,ak15080780,2017-01-16T19:18:15.918Z,"5km W of Anchorage, Alaska",earthquake,,0.2,,,automatic,ak,ak
2017-01-16T18:47:44.800Z,46.3833333,-122.6223333,6.99,1.25,ml,6,333,0.2092,0.06,uw,uw61228957,2017-01-16T20:34:08.140Z,"25km ENE of Castle Rock, Washington",earthquake,1.45,3.9,0.109,6,reviewed,uw,uw
2017-01-16T18:45:43.880Z,48.8461667,-122.8226667,19,1.99,ml,10,126,0.1395,0.24,uw,uw61228952,2017-01-17T02:48:52.650Z,"9km SW of Birch Bay, Washington",earthquake,0.88,1.22,0.166,6,reviewed,uw,uw
2017-01-16T18:45:00.300Z,34.0086667,-118.8648333,12.96,1.98,ml,9,214,0.07595,0.24,ci,ci37569487,2017-01-17T02:47:41.700Z,"5km W of Malibu, CA",earthquake,1.53,2.22,0.229,22,automatic,ci,ci
2017-01-16T18:33:33.250Z,33.8796667,-117.7178333,5.38,2.16,ml,71,60,0.07839,0.18,ci,ci37569479,2017-01-16T19:56:15.557Z,"9km E of Yorba Linda, CA",earthquake,0.17,0.59,0.201,27,automatic,ci,ci
2017-01-16T18:26:51.980Z,34.318,-116.9611667,9.81,1.35,ml,43,61,0.06486,0.24,ci,ci37569471,2017-01-16T18:37:53.090Z,"9km NNW of Big Bear Lake, CA",earthquake,0.34,0.53,0.258,31,automatic,ci,ci
2017-01-16T18:24:46.470Z,38.7726669,-122.7405014,0.45,0.82,md,8,96,0.01096,0.01,nc,nc72752930,2017-01-16T18:40:03.163Z,"1km ESE of The Geysers, California",earthquake,0.56,1.05,0.37,3,automatic,nc,nc
2017-01-16T18:23:13.610Z,19.4053326,-155.2826691,1.43,1.96,ml,19,38,0.006866,0.13,hv,hv61565526,2017-01-16T18:28:54.540Z,"5km WSW of Volcano, Hawaii",earthquake,0.17,0.19,0.33,6,automatic,hv,hv
2017-01-16T18:19:48.100Z,34.039,-117.25,14.3,0.8,ml,22,80,0.07724,0.22,ci,ci37569463,2017-01-16T18:23:35.361Z,"2km SE of Loma Linda, CA",earthquake,0.45,0.89,0.155,18,automatic,ci,ci
2017-01-16T18:19:18.200Z,38.4131,-118.9172,9.1,0.9,ml,6,193.4,0.127,0.1547,nn,nn00574321,2017-01-16T22:51:41.076Z,"28km WSW of Hawthorne, Nevada",earthquake,,3.6,0.02,2,reviewed,nn,nn
2017-01-16T18:12:16.623Z,38.4145,-118.8809,10.8,0.9,ml,8,187.69,0.1,0.201,nn,nn00574319,2017-01-16T22:45:30.238Z,"25km WSW of Hawthorne, Nevada",earthquake,,2.1,0.06,2,reviewed,nn,nn
2017-01-16T18:08:25.264Z,38.4172,-118.7436,11.9,1.8,ml,15,130.76,0.044,0.1617,nn,nn00574260,2017-01-16T18:25:28.219Z,"15km SW of Hawthorne, Nevada",earthquake,,1,0.26,5,reviewed,nn,nn
2017-01-16T17:53:26.933Z,38.3993,-118.924,7.6,1.2,ml,8,208.73,0.137,0.1751,nn,nn00574318,2017-01-16T22:36:15.169Z,"29km WSW of Hawthorne, Nevada",earthquake,,3,0.17,2,reviewed,nn,nn
2017-01-16T17:30:10.115Z,64.9655,-147.226,0,1.4,ml,,,,0.84,ak,ak15080401,2017-01-16T17:38:17.243Z,"23km NE of Badger, Alaska",earthquake,,0.6,,,automatic,ak,ak
2017-01-16T17:30:09.980Z,33.9991667,-116.9753333,9.44,1.35,ml,42,44,0.0777,0.21,ci,ci37569439,2017-01-16T17:33:52.607Z,"7km E of Calimesa, CA",earthquake,0.25,0.75,0.174,30,automatic,ci,ci
2017-01-16T17:24:53.630Z,33.1463333,-116.6451667,1.99,1.82,ml,52,66,0.0527,0.2,ci,ci37569431,2017-01-16T17:28:34.916Z,"8km NNW of Julian, CA",earthquake,0.26,0.45,0.155,26,automatic,ci,ci
2017-01-16T17:13:21.476Z,38.4352,-118.8996,6.5,1.6,ml,13,85.7,0.107,0.1639,nn,nn00574314,2017-01-16T22:20:43.341Z,"25km WSW of Hawthorne, Nevada",earthquake,,1.4,0.37,6,reviewed,nn,nn
2017-01-16T17:01:58.604Z,38.698,-118.4755,10.4,0.9,ml,5,192.01,0.079,0.0572,nn,nn00574313,2017-01-16T22:11:10.043Z,"23km NE of Hawthorne, Nevada",earthquake,,4.4,0.52,3,reviewed,nn,nn
2017-01-16T16:59:25.267Z,38.4284,-118.8939,8.8,1,ml,9,167.94,0.105,0.201,nn,nn00574310,2017-01-16T22:04:56.739Z,"25km WSW of Hawthorne, Nevada",earthquake,,2.8,0.04,2,reviewed,nn,nn
2017-01-16T16:41:36.884Z,38.3868,-118.8986,8.1,1.5,ml,14,82.37,0.126,0.138,nn,nn00574306,2017-01-16T21:49:30.907Z,"28km WSW of Hawthorne, Nevada",earthquake,,1.3,0.3,3,reviewed,nn,nn
2017-01-16T16:05:20.175Z,56.3862,-157.1078,46.8,3,ml,,,,0.6,ak,ak15080367,2017-01-16T16:21:50.035Z,"103km E of Chignik Lake, Alaska",earthquake,,3.2,,,automatic,ak,ak
2017-01-16T15:48:00.746Z,38.0519,-118.997,7,1.1,ml,6,257.62,0.171,0.0932,nn,nn00574303,2017-01-16T21:39:56.539Z,"30km SE of Bridgeport, California",earthquake,,6.5,0.1,2,reviewed,nn,nn
2017-01-16T15:46:57.300Z,38.8411674,-122.8264999,1.35,0.71,md,9,126,0.007476,0.01,nc,nc72752890,2017-01-16T16:05:11.828Z,"9km WNW of Cobb, California",earthquake,0.38,0.65,0.09,2,automatic,nc,nc
2017-01-16T15:44:18.078Z,38.0507,-118.9917,6.5,1,ml,6,257.02,0.167,0.1447,nn,nn00574249,2017-01-16T17:10:25.416Z,"30km SE of Bridgeport, California",earthquake,,7.1,0.04,2,reviewed,nn,nn
2017-01-16T15:43:17.966Z,38.0504,-118.9989,7.6,1.1,ml,6,213.8,0.237,0.0944,nn,nn00574241,2017-01-16T17:04:15.236Z,"30km SE of Bridgeport, California",earthquake,,9.5,0.1,2,reviewed,nn,nn
2017-01-16T15:41:19.650Z,46.8525,-121.7573333,1.92,0.49,ml,7,123,0.0245,0.04,uw,uw61228937,2017-01-16T16:56:55.620Z,"28km NNW of Packwood, Washington",earthquake,0.34,0.67,0.125,7,reviewed,uw,uw
2017-01-16T15:40:04.188Z,38.4115,-118.9203,8,0.9,ml,8,176.49,0.13,0.1311,nn,nn00574301,2017-01-16T21:27:34.399Z,"28km WSW of Hawthorne, Nevada",earthquake,,3.9,0.12,2,reviewed,nn,nn
2017-01-16T15:38:51.580Z,38.8409996,-122.8266678,1.74,0.71,md,7,77,0.007296,0.01,nc,nc72752885,2017-01-16T15:54:05.806Z,"9km WNW of Cobb, California",earthquake,0.39,0.74,0.09,2,automatic,nc,nc
2017-01-16T15:15:23.680Z,38.8166656,-122.8228302,3,0.98,md,14,71,0.009231,0.02,nc,nc72752880,2017-01-16T15:31:04.755Z,"7km NW of The Geysers, California",earthquake,0.29,0.63,0.13,5,automatic,nc,nc
2017-01-16T15:07:25.465Z,63.2538,-151.3976,6.5,1.4,ml,,,,0.85,ak,ak15079995,2017-01-16T15:22:25.479Z,"122km NNW of Talkeetna, Alaska",earthquake,,0.4,,,automatic,ak,ak
2017-01-16T15:06:36.730Z,-7.6425,129.9771,10,5.3,mb,,39,1.352,0.7,us,us10007tiy,2017-01-16T16:10:12.040Z,"151km WNW of Saumlaki, Indonesia",earthquake,7.3,1.7,0.055,110,reviewed,us,us
2017-01-16T15:02:04.890Z,-17.1073,-174.8914,248.98,4.7,mb,,127,4.372,0.46,us,us10007tiz,2017-01-16T16:24:12.040Z,"176km SW of Hihifo, Tonga",earthquake,17.1,19.5,0.13,18,reviewed,us,us
2017-01-16T14:57:04.763Z,38.4315,-118.901,6.9,1.1,ml,8,214.53,0.109,0.1315,nn,nn00574230,2017-01-16T16:54:55.494Z,"26km WSW of Hawthorne, Nevada",earthquake,,2.1,0.01,2,reviewed,nn,nn
2017-01-16T14:49:38.641Z,38.3476,-118.8887,7.3,1,ml,8,229.19,0.146,0.1364,nn,nn00574229,2017-01-16T16:51:41.522Z,"30km SW of Hawthorne, Nevada",earthquake,,2,0.16,3,reviewed,nn,nn
2017-01-16T14:47:49.660Z,33.9571667,-116.7691667,13.73,0.77,ml,25,69,0.08414,0.2,ci,ci37569367,2017-01-16T14:51:28.822Z,"5km NNE of Cabazon, CA",earthquake,0.4,0.82,0.13,26,automatic,ci,ci
2017-01-16T14:46:39.700Z,18.6352,-66.666,99,3.1,Md,15,219.6,0.20391757,0.23,pr,pr17016009,2017-01-16T15:42:44.040Z,"16km NNE of Arecibo, Puerto Rico",earthquake,1.5,0.8,0,13,reviewed,pr,pr
2017-01-16T14:42:47.805Z,38.431,-118.8596,6.7,0.7,ml,6,280.8,0.078,0.1389,nn,nn00574330,2017-01-16T23:41:03.472Z,"22km WSW of Hawthorne, Nevada",earthquake,,3.6,0.03,2,reviewed,nn,nn
2017-01-16T14:38:59.558Z,38.3222,-118.9428,6.7,1.2,ml,11,101.92,0.194,0.1482,nn,nn00574227,2017-01-16T17:19:48.940Z,"26km ENE of Bridgeport, California",earthquake,,1.7,0.22,5,reviewed,nn,nn
2017-01-16T14:34:36.350Z,-27.7922,-71.6015,10.51,4,ml,,193,0.621,0.5,us,us10007tiu,2017-01-16T15:39:28.040Z,"119km NW of Vallenar, Chile",earthquake,5.1,11.5,,,reviewed,us,guc
2017-01-16T14:21:49.040Z,40.1823,142.253,51.99,4.5,mb,,135,1.09,0.6,us,us10007tit,2017-01-16T15:15:09.040Z,"65km NNE of Miyako, Japan",earthquake,7.2,5.7,0.109,25,reviewed,us,us
2017-01-16T14:16:38.535Z,66.3277,-149.7553,2.3,2.1,ml,,,,0.83,ak,ak15079630,2017-01-16T14:32:06.947Z,"105km S of Coldfoot, Alaska",earthquake,,0.5,,,automatic,ak,ak
2017-01-16T14:13:32.858Z,38.3925,-118.894,11,1.7,ml,14,73.63,0.12,0.1269,nn,nn00574223,2017-01-17T02:37:18.610Z,"27km WSW of Hawthorne, Nevada",earthquake,,1.9,0.24,8,reviewed,nn,nn
2017-01-16T14:04:35.012Z,38.4249,-118.9137,7.6,0.9,ml,6,276.38,0.365,0.1028,nn,nn00574299,2017-01-17T02:38:47.073Z,"27km WSW of Hawthorne, Nevada",earthquake,,3.7,0.05,2,reviewed,nn,nn
2017-01-16T14:00:24.457Z,38.3856,-118.8971,7.9,1.3,ml,10,163.34,0.126,0.1427,nn,nn00574222,2017-01-17T02:37:16.335Z,"28km WSW of Hawthorne, Nevada",earthquake,,2.8,0.63,5,reviewed,nn,nn
2017-01-16T13:47:27.032Z,38.2783,-118.8135,9.3,0.4,ml,5,219.9,0.217,0.0265,nn,nn00574296,2017-01-17T02:38:45.589Z,"31km SSW of Hawthorne, Nevada",earthquake,,20.2,0.21,2,reviewed,nn,nn
2017-01-16T13:35:45.300Z,38.7928352,-122.7583313,0.98,2.86,md,47,47,0.01942,0.07,nc,nc72752870,2017-01-16T15:43:18.345Z,"1km N of The Geysers, California",earthquake,0.15,0.23,0.11,38,automatic,nc,nc
2017-01-16T13:22:41.050Z,35.7825,-117.6671667,4.06,1.07,ml,19,77,0.06563,0.17,ci,ci37569359,2017-01-16T13:26:16.141Z,"18km N of Ridgecrest, CA",earthquake,0.3,0.7,0.124,16,automatic,ci,ci
2017-01-16T13:12:11.106Z,38.3705,-118.8915,10.5,1,ml,9,177.18,0.326,0.103,nn,nn00574218,2017-01-17T02:37:14.397Z,"28km SW of Hawthorne, Nevada",earthquake,,4.4,0.03,2,reviewed,nn,nn
2017-01-16T12:58:59.735Z,38.3528,-118.9186,12.9,0.8,ml,8,179.03,0.309,0.1097,nn,nn00574217,2017-01-17T02:37:12.210Z,"29km ENE of Bridgeport, California",earthquake,,10.3,0.25,3,reviewed,nn,nn
2017-01-16T12:46:38.680Z,33.2395,-116.6661667,8.36,0.44,ml,10,76,0.04325,0.12,ci,ci37569351,2017-01-16T12:50:03.307Z,"6km SSW of Warner Springs, CA",earthquake,0.36,0.68,0.122,5,automatic,ci,ci
2017-01-16T12:45:15.468Z,37.2024,-116.6957,7,0.2,ml,11,195.4,0.062,0.1704,nn,nn00574294,2017-01-17T02:38:44.242Z,"33km N of Beatty, Nevada",earthquake,,1.5,0.54,6,reviewed,nn,nn
2017-01-16T12:44:25.514Z,58.101,-157.1897,0,2.4,ml,,,,0.6,ak,ak15079264,2017-01-16T12:52:11.254Z,"72km SSW of King Salmon, Alaska",earthquake,,0.4,,,automatic,ak,ak
2017-01-16T12:43:41.950Z,33.5491667,-115.9403333,11.52,0.87,ml,19,226,0.007847,0.35,ci,ci37569343,2017-01-16T12:47:17.211Z,"2km N of North Shore, CA",earthquake,1.91,1.06,0.139,15,automatic,ci,ci
2017-01-16T12:42:12.570Z,3.2547,98.5438,10,5.7,mb,,31,0.674,1.44,us,us10007tii,2017-01-17T12:32:13.347Z,"18km NNE of Kabanjahe, Indonesia",earthquake,4.9,1.1,0.048,157,reviewed,us,us
2017-01-16T12:19:40.790Z,46.2073333,-122.178,7.67,0.08,ml,6,215,0.01042,0.17,uw,uw61228932,2017-01-16T17:00:40.140Z,"39km NNE of Amboy, Washington",earthquake,0.83,1.24,0.091,4,reviewed,uw,uw
2017-01-16T12:03:38.372Z,38.3888,-118.9357,12,1.1,ml,7,181.37,0.365,0.1748,nn,nn00574293,2017-01-17T02:38:42.147Z,"29km ENE of Bridgeport, California",earthquake,,15,0.09,2,reviewed,nn,nn
2017-01-16T11:52:28.160Z,33.4711667,-116.4875,7.17,0.81,ml,28,99,0.07335,0.15,ci,ci37569335,2017-01-16T11:56:14.413Z,"20km ESE of Anza, CA",earthquake,0.23,0.67,0.128,27,automatic,ci,ci
2017-01-16T11:34:45.920Z,38.8400002,-122.7811661,0.92,0.89,md,11,94,0.00454,0.01,nc,nc72752865,2017-01-16T11:51:04.162Z,"5km WNW of Cobb, California",earthquake,0.51,0.75,0.07,3,automatic,nc,nc
2017-01-16T11:31:05.179Z,60.2552,-141.2783,8.1,2.5,ml,,,,0.8,ak,ak15078910,2017-01-16T11:50:26.982Z,"67km ENE of Cape Yakataga, Alaska",earthquake,,0.1,,,automatic,ak,ak
2017-01-16T11:28:15.163Z,63.5046,-151.228,1.9,1.5,ml,,,,0.79,ak,ak15078908,2017-01-16T11:35:17.752Z,"114km W of Cantwell, Alaska",earthquake,,0.3,,,automatic,ak,ak
2017-01-16T11:27:37.040Z,35.4965,-84.037,16.77,1.98,md,10,82,0.03312,0.06,se,se60033103,2017-01-16T14:05:01.500Z,"21km ESE of Vonore, Tennessee",earthquake,0.43,0.54,0.049,6,reviewed,se,se
2017-01-16T11:26:14.074Z,61.7573,-148.1787,3.8,1.5,ml,,,,0.65,ak,ak15078905,2017-01-16T11:35:17.495Z,"35km E of Sutton-Alpine, Alaska",earthquake,,0.4,,,automatic,ak,ak
2017-01-16T11:19:22.120Z,37.5726662,-118.8426666,3.54,1.71,md,21,165,0.02041,0.03,nc,nc72752860,2017-01-16T11:40:03.146Z,"14km SE of Mammoth Lakes, California",earthquake,0.46,0.36,0.11,18,automatic,nc,nc
2017-01-16T11:06:37.190Z,38.7960014,-122.7565002,0.58,0.87,md,6,135,0.02003,0.01,nc,nc72752855,2017-01-16T11:28:03.097Z,"2km N of The Geysers, California",earthquake,0.75,1.65,0.08,3,automatic,nc,nc
2017-01-16T11:03:59.050Z,46.4795,-122.3811667,20.66,0.9,ml,9,239,0.129,0.08,uw,uw61228922,2017-01-16T16:55:22.110Z,"11km SW of Morton, Washington",earthquake,0.81,1,0.145,6,reviewed,uw,uw
2017-01-16T11:02:37.510Z,33.3495,-116.3275,10.72,0.73,ml,22,126,0.1105,0.2,ci,ci37569319,2017-01-16T11:06:12.911Z,"11km NNE of Borrego Springs, CA",earthquake,0.41,0.8,0.182,18,automatic,ci,ci
2017-01-16T11:01:44.300Z,35.7805,-117.6675,2.98,1.99,ml,29,50,0.06689,0.17,ci,ci37569311,2017-01-16T11:12:46.430Z,"18km N of Ridgecrest, CA",earthquake,0.21,0.44,0.084,25,automatic,ci,ci
2017-01-16T10:50:54.038Z,64.8282,-147.3301,13.7,2.3,ml,,,,0.63,ak,ak15078898,2017-01-17T12:12:29.729Z,"8km N of North Pole, Alaska",earthquake,,0.2,,,automatic,ak,ak
2017-01-16T10:29:09.590Z,38.7856674,-122.7358322,1.57,1.4,md,11,75,0.002525,0.02,nc,nc72752840,2017-01-16T10:44:02.997Z,"2km ENE of The Geysers, California",earthquake,0.29,0.63,0.13,6,automatic,nc,nc
2017-01-16T10:27:55.279Z,61.9145,-151.3452,71.6,2.1,ml,,,,0.4,ak,ak15078894,2017-01-16T10:33:23.266Z,"71km WNW of Willow, Alaska",earthquake,,0.8,,,automatic,ak,ak
2017-01-16T10:09:25.673Z,38.3932,-118.8876,11.2,1.2,ml,11,161.23,0.115,0.1502,nn,nn00574214,2017-01-17T02:37:10.631Z,"27km WSW of Hawthorne, Nevada",earthquake,,2.6,0.63,5,reviewed,nn,nn
2017-01-16T10:07:32.920Z,33.7195,-116.8208333,16.92,0.3,ml,10,103,0.0893,0.06,ci,ci37569303,2017-01-16T10:11:07.193Z,"7km ESE of Valle Vista, CA",earthquake,0.37,0.5,0.207,10,automatic,ci,ci
2017-01-16T09:39:21.080Z,33.2971667,-115.6948333,2.49,1.19,ml,18,120,0.06398,0.22,ci,ci37569295,2017-01-16T09:42:57.338Z,"7km SSE of Bombay Beach, CA",earthquake,0.6,0.88,0.204,22,automatic,ci,ci
2017-01-16T09:37:43.450Z,33.4913333,-116.8033333,2.74,0.18,ml,13,76,0.09219,0.15,ci,ci37569287,2017-01-16T09:41:25.587Z,"8km NE of Aguanga, CA",earthquake,0.43,31.61,0.062,6,automatic,ci,ci
2017-01-16T09:30:55.970Z,33.2408333,-116.6635,8.07,0.67,ml,21,78,0.04374,0.19,ci,ci37569279,2017-01-16T09:34:37.107Z,"5km SSW of Warner Springs, CA",earthquake,0.35,0.72,0.187,15,automatic,ci,ci
2017-01-16T09:24:18.612Z,38.3919,-118.8773,9.4,0.8,ml,8,167.64,0.109,0.1247,nn,nn00574292,2017-01-17T02:38:40.594Z,"26km SW of Hawthorne, Nevada",earthquake,,3.1,0.01,2,reviewed,nn,nn
2017-01-16T09:20:25.812Z,65.7301,-148.2155,9.5,1.8,ml,,,,0.83,ak,ak15078891,2017-01-16T09:29:08.556Z,"98km N of Ester, Alaska",earthquake,,0.6,,,automatic,ak,ak
2017-01-16T09:17:06.465Z,38.3936,-118.8829,10.2,1.1,ml,10,87.3,0.112,0.1278,nn,nn00574224,2017-01-17T02:37:20.423Z,"26km WSW of Hawthorne, Nevada",earthquake,,2.1,0.06,2,reviewed,nn,nn
2017-01-16T09:07:54.790Z,33.2428333,-116.6653333,8.13,0.66,ml,22,45,0.04612,0.16,ci,ci37569271,2017-01-16T09:11:28.634Z,"5km SW of Warner Springs, CA",earthquake,0.29,0.58,0.198,13,automatic,ci,ci
2017-01-16T09:07:10.100Z,18.7919,-68.0891,87,3.4,Md,11,331.2,0.98185861,0.93,pr,pr17016008,2017-01-16T12:28:40.988Z,"40km NE of Punta Cana, Dominican Republic",earthquake,11.2,14.2,0,11,reviewed,pr,pr
2017-01-16T08:40:25.271Z,37.3351,-117.1099,17,-0.1,ml,7,223.92,0.36,0.1526,nn,nn00574288,2017-01-17T02:38:32.226Z,"42km SSE of Goldfield, Nevada",earthquake,,3,0.16,3,reviewed,nn,nn
2017-01-16T08:40:12.635Z,38.4052,-118.9155,8.1,1.1,ml,11,89.97,0.129,0.1162,nn,nn00574210,2017-01-17T02:37:08.796Z,"28km WSW of Hawthorne, Nevada",earthquake,,4.5,0.59,3,reviewed,nn,nn
2017-01-16T08:38:17.000Z,34.5998333,-118.6381667,6.41,1.39,ml,38,76,0.07189,0.22,ci,ci37569263,2017-01-16T08:49:34.850Z,"12km N of Castaic, CA",earthquake,0.32,0.81,0.136,29,automatic,ci,ci
2017-01-16T08:38:07.804Z,64.2205,-150.178,11.6,1.5,ml,,,,1.09,ak,ak15078888,2017-01-16T08:47:06.206Z,"65km SW of North Nenana, Alaska",earthquake,,0.5,,,automatic,ak,ak
2017-01-16T08:20:58.500Z,-48.8595,31.15,10,4.8,mb,,74,15.973,1.39,us,us10007ti6,2017-01-16T12:33:30.040Z,"South of Africa",earthquake,9.5,1.8,0.121,21,reviewed,us,us
2017-01-16T08:15:26.590Z,34.2145,-117.4153333,11.88,0.7,ml,24,53,0.05704,0.15,ci,ci37569255,2017-01-16T08:19:10.032Z,"2km WSW of Devore, CA",earthquake,0.28,0.61,0.201,19,automatic,ci,ci
2017-01-16T08:08:58.330Z,36.0081667,-117.3598333,1.17,1.02,ml,11,108,0.1159,0.14,ci,ci37569247,2017-01-16T08:12:36.695Z,"27km N of Searles Valley, CA",earthquake,0.4,0.52,0.127,10,automatic,ci,ci
2017-01-16T07:58:16.800Z,38.3362,-118.8792,11.7,0.9,ml,8,150.19,0.306,0.1377,nn,nn00574208,2017-01-17T02:37:06.939Z,"30km SW of Hawthorne, Nevada",earthquake,,8,0.13,2,reviewed,nn,nn
2017-01-16T07:51:45.020Z,34.0356667,-116.7918333,12,0.98,ml,32,70,0.01325,0.23,ci,ci37569239,2017-01-16T07:55:15.659Z,"13km N of Cabazon, CA",earthquake,0.3,0.69,0.125,27,automatic,ci,ci
2017-01-16T07:34:29.594Z,38.4354,-118.9084,5.7,1,ml,9,131.34,0.114,0.1586,nn,nn00574207,2017-01-17T02:37:05.285Z,"26km WSW of Hawthorne, Nevada",earthquake,,5.7,0.11,3,reviewed,nn,nn
2017-01-16T07:32:59.871Z,61.6412,-151.0275,62.5,2.1,ml,,,,0.5,ak,ak15078878,2017-01-16T07:47:44.255Z,"53km WSW of Willow, Alaska",earthquake,,0.5,,,automatic,ak,ak
2017-01-16T07:32:52.500Z,18.8325,-67.2587,14,3.1,Md,8,324,0.3880722,0.4,pr,pr17016007,2017-01-16T12:03:23.060Z,"41km NNW of San Antonio, Puerto Rico",earthquake,2.4,3,0,7,reviewed,pr,pr
2017-01-16T07:30:00.038Z,38.4389,-118.9112,0,0.9,ml,7,214.55,0.358,0.2174,nn,nn00574283,2017-01-17T02:38:30.226Z,"26km WSW of Hawthorne, Nevada",earthquake,,0,0.11,3,reviewed,nn,nn
2017-01-16T07:07:29.990Z,38.8115005,-122.7904968,2.74,1.32,md,22,55,0.005152,0.02,nc,nc72752805,2017-01-16T07:09:11.626Z,"4km NW of The Geysers, California",earthquake,0.26,0.44,0.04,6,automatic,nc,nc
2017-01-16T07:02:55.569Z,36.5255,-116.3222,8.5,0.4,ml,14,121.29,0.08,0.0984,nn,nn00574206,2017-01-17T02:37:03.598Z,"46km NW of Pahrump, Nevada",earthquake,,1.9,0.33,11,reviewed,nn,nn
2017-01-16T06:58:05.516Z,62.9999,-149.8286,79.6,1.8,ml,,,,0.44,ak,ak15078877,2017-01-16T07:02:50.214Z,"62km SW of Cantwell, Alaska",earthquake,,0.9,,,automatic,ak,ak
2017-01-16T06:48:05.940Z,-8.1477,147.2142,61.7,4.3,mb,,107,1.25,1.13,us,us10007tgn,2017-01-16T14:21:02.040Z,"99km NW of Kokoda, Papua New Guinea",earthquake,10,11.6,0.126,18,reviewed,us,us
2017-01-16T06:37:38.017Z,38.4326,-118.8948,14.5,0.9,ml,7,167.79,0.351,0.1445,nn,nn00574281,2017-01-17T02:38:28.222Z,"25km WSW of Hawthorne, Nevada",earthquake,,9.2,0.03,2,reviewed,nn,nn
2017-01-16T06:31:39.768Z,61.1969,-149.9086,37.1,2.4,ml,,,,0.63,ak,ak15078872,2017-01-16T06:49:33.054Z,"2km S of Anchorage, Alaska",earthquake,,0.4,,,automatic,ak,ak
2017-01-16T06:30:24.080Z,34.3178333,-116.9656667,9.36,1.71,ml,71,27,0.06672,0.16,ci,ci37569231,2017-01-16T06:41:35.170Z,"10km NNW of Big Bear Lake, CA",earthquake,0.18,0.36,0.18,28,automatic,ci,ci
2017-01-16T06:28:07.700Z,33.3055,-115.6843333,3.66,1.12,ml,13,128,0.06233,0.16,ci,ci37569223,2017-01-16T06:31:46.210Z,"7km SE of Bombay Beach, CA",earthquake,0.62,0.63,0.192,20,automatic,ci,ci
2017-01-16T06:25:17.874Z,63.2956,-145.3226,3.6,1.5,ml,,,,0.41,ak,ak15078870,2017-01-16T06:33:34.391Z,"64km S of Deltana, Alaska",earthquake,,0.4,,,automatic,ak,ak
2017-01-16T06:23:31.600Z,18.0249,-65.5952,21,1.8,Md,4,216,0.08174669,0.23,pr,pr17016006,2017-01-16T07:16:34.768Z,"15km WSW of Esperanza, Puerto Rico",earthquake,1.5,1.2,0,3,reviewed,pr,pr
2017-01-16T06:22:59.500Z,34.3188333,-116.9653333,9.67,1.73,ml,67,27,0.0674,0.16,ci,ci37569215,2017-01-16T06:34:28.270Z,"10km NNW of Big Bear Lake, CA",earthquake,0.19,0.35,0.177,26,automatic,ci,ci
2017-01-16T06:18:00.267Z,37.2157,-116.69,6.5,0.3,ml,9,199.31,0.076,0.1451,nn,nn00574204,2017-01-17T02:36:53.390Z,"34km N of Beatty, Nevada",earthquake,,2.4,0.26,7,reviewed,nn,nn
2017-01-16T06:16:15.140Z,32.9636667,-116.568,12.31,0.73,ml,20,64,0.1196,0.25,ci,ci37569207,2017-01-16T06:19:55.028Z,"13km SSE of Julian, CA",earthquake,0.51,1.19,0.121,14,automatic,ci,ci
2017-01-16T06:09:22.429Z,37.3519,-117.1089,12.6,0.2,ml,9,205.74,0.372,0.2108,nn,nn00574278,2017-01-17T02:38:26.559Z,"41km SSE of Goldfield, Nevada",earthquake,,3.3,0.23,4,reviewed,nn,nn
2017-01-16T05:47:11.414Z,61.6987,-149.6397,30.8,1.7,ml,,,,0.25,ak,ak15078526,2017-01-16T05:54:34.098Z,"8km NNW of Meadow Lakes, Alaska",earthquake,,0.2,,,automatic,ak,ak
2017-01-16T05:39:39.700Z,19.6408,-63.6371,53,3.7,Md,15,316.8,2.04456559,0.27,pr,pr17016003,2017-01-16T06:27:48.788Z,"168km NNW of The Valley, Anguilla",earthquake,3,17,0,12,reviewed,pr,pr
2017-01-16T05:32:35.584Z,38.3809,-118.9137,5.5,1.3,ml,12,74.33,0.139,0.1276,nn,nn00574203,2017-01-17T02:36:50.131Z,"29km WSW of Hawthorne, Nevada",earthquake,,4.5,0.04,4,reviewed,nn,nn
2017-01-16T05:32:04.900Z,0.8322,120.1946,10,4.6,mb,,59,0.649,0.86,us,us10007tg9,2017-01-16T05:55:27.040Z,"16km SSW of Ogotua, Indonesia",earthquake,2.1,1.9,0.107,26,reviewed,us,us
2017-01-16T05:30:13.570Z,36.1458333,-118.086,-0.58,1.01,ml,11,88,0.184,0.16,ci,ci37569191,2017-01-16T05:33:55.096Z,"17km NW of Coso Junction, CA",earthquake,0.4,31.61,0.099,12,automatic,ci,ci
2017-01-16T05:12:44.600Z,18.8164,-67.3684,10,2.4,Md,6,327.6,0.42400481,0.31,pr,pr17016005,2017-01-16T07:13:58.939Z,"45km NW of San Antonio, Puerto Rico",earthquake,2.8,1.2,0,5,reviewed,pr,pr
2017-01-16T05:07:30.950Z,33.4453333,-116.4366667,12.47,0.52,ml,16,91,0.0784,0.31,ci,ci37569175,2017-01-16T05:11:16.764Z,"22km NNW of Borrego Springs, CA",earthquake,0.68,1.57,0.059,11,automatic,ci,ci
2017-01-16T05:06:25.700Z,19.3511,-64.8937,58,3.8,Md,17,309.6,1.10043622,0.37,pr,pr17016002,2017-01-16T06:01:13.040Z,"98km NNW of Charlotte Amalie, U.S. Virgin Islands",earthquake,4.1,11.9,0,13,reviewed,pr,pr
2017-01-16T04:58:23.090Z,36.8557,-97.4485,2.66,2.8,ml,,69,0.158,0.42,us,us10007tg1,2017-01-16T05:22:46.040Z,"15km WNW of Blackwell, Oklahoma",earthquake,1.1,7.1,0.051,50,reviewed,us,us
2017-01-16T04:42:29.778Z,36.6985,-116.3168,7.8,-0.3,ml,17,76.21,0.056,0.1276,nn,nn00574277,2017-01-17T02:38:24.802Z,"45km ESE of Beatty, Nevada",earthquake,,1.3,0.11,4,reviewed,nn,nn
2017-01-16T04:38:52.060Z,33.9726667,-116.6475,17.46,1.28,ml,46,63,0.06569,0.2,ci,ci37569167,2017-01-16T04:49:34.740Z,"10km SW of Morongo Valley, CA",earthquake,0.25,0.55,0.14,27,automatic,ci,ci
2017-01-16T04:28:33.610Z,62.3995,-151.1199,77.1,2.4,ml,,,,0.4,ak,ak15078169,2017-01-16T04:48:19.661Z,"52km W of Talkeetna, Alaska",earthquake,,0.9,,,automatic,ak,ak
2017-01-16T04:26:49.319Z,38.3466,-118.9095,6.6,1.1,ml,10,98.24,0.158,0.1215,nn,nn00574202,2017-01-17T02:36:48.095Z,"29km ENE of Bridgeport, California",earthquake,,5.2,0.38,4,reviewed,nn,nn
2017-01-16T04:19:28.664Z,38.3839,-118.9266,9.3,0.6,ml,5,226.21,0.357,0.1255,nn,nn00574274,2017-01-17T02:38:22.275Z,"30km WSW of Hawthorne, Nevada",earthquake,,28.3,0.24,2,reviewed,nn,nn
2017-01-16T04:15:18.848Z,37.2013,-116.6943,7.2,-0.1,ml,10,194.76,0.062,0.1751,nn,nn00574272,2017-01-17T02:38:20.781Z,"32km N of Beatty, Nevada",earthquake,,1.7,0.45,6,reviewed,nn,nn
2017-01-16T04:14:16.400Z,33.3973333,-116.4126667,7.62,1.19,ml,46,38,0.1262,0.22,ci,ci37569159,2017-01-16T04:25:22.070Z,"16km NNW of Borrego Springs, CA",earthquake,0.29,1,0.186,26,automatic,ci,ci
2017-01-16T04:05:44.680Z,38.8358345,-122.8274994,1.58,0.18,md,8,90,0.006818,0.01,nc,nc72752775,2017-01-16T04:07:23.145Z,"8km NW of The Geysers, California",earthquake,0.48,0.67,0.11,2,automatic,nc,nc
2017-01-16T03:49:59.400Z,33.4863333,-116.3526667,19.87,0.66,ml,14,123,0.07135,0.16,ci,ci37569151,2017-01-16T03:53:33.211Z,"20km SSW of La Quinta, CA",earthquake,0.72,1.07,0.04,8,automatic,ci,ci
2017-01-16T03:46:52.904Z,66.1125,-149.2435,5.3,1.7,ml,,,,0.99,ak,ak15078164,2017-01-16T04:04:46.467Z,"134km SSE of Coldfoot, Alaska",earthquake,,0.3,,,automatic,ak,ak
2017-01-16T03:43:05.810Z,38.7654991,-122.704834,0.06,0.37,md,6,229,0.005099,0.02,nc,nc72752770,2017-01-16T03:44:43.336Z,"4km ESE of The Geysers, California",earthquake,1.2,0.63,0.09,3,automatic,nc,nc
2017-01-16T03:40:50.912Z,38.39,-118.9147,10.6,0.8,ml,6,223.76,0.35,0.0807,nn,nn00574271,2017-01-17T02:38:18.803Z,"29km WSW of Hawthorne, Nevada",earthquake,,9.6,0.19,2,reviewed,nn,nn
2017-01-16T03:40:11.070Z,33.7163333,-116.7576667,16.22,0.54,ml,14,100,0.03662,0.16,ci,ci37569143,2017-01-16T03:43:58.557Z,"4km SW of Idyllwild, CA",earthquake,0.66,0.58,0.241,12,automatic,ci,ci
2017-01-16T03:31:47.809Z,38.3943,-118.9145,3.5,0.8,ml,8,222.92,0.133,0.0947,nn,nn00574200,2017-01-17T02:36:46.088Z,"29km WSW of Hawthorne, Nevada",earthquake,,5.9,0.15,2,reviewed,nn,nn
2017-01-16T03:31:07.160Z,33.7085,-116.7223333,17.05,0.49,ml,16,71,0.007309,0.22,ci,ci37569135,2017-01-16T03:34:40.343Z,"4km S of Idyllwild, CA",earthquake,0.69,0.87,0.18,10,automatic,ci,ci
2017-01-16T03:27:48.460Z,38.8336678,-122.8075027,-0.53,0.56,md,11,67,0.01045,0.04,nc,nc72752760,2017-01-16T03:29:28.775Z,"7km W of Cobb, California",earthquake,0.22,0.79,0.26,3,automatic,nc,nc
2017-01-16T03:26:05.903Z,38.302,-118.7898,10.8,0.5,ml,5,289.94,0.229,0.0521,nn,nn00574270,2017-01-17T02:38:17.289Z,"28km SSW of Hawthorne, Nevada",earthquake,,8.7,0.47,3,reviewed,nn,nn
2017-01-16T03:23:59.253Z,35.5547,-116.1965,5.9,0.5,ml,7,156.95,0.252,0.1211,nn,nn00574269,2017-01-17T02:38:15.835Z,"34km NNW of Baker, California",earthquake,,7.4,0.06,2,reviewed,nn,nn
2017-01-16T03:17:08.720Z,21.5706,143.2441,313.75,4.6,mb,,97,5.584,0.58,us,us10007tfs,2017-01-16T03:35:29.040Z,"206km NW of Farallon de Pajaros, Northern Mariana Islands",earthquake,10.2,7.8,0.038,203,reviewed,us,us
2017-01-16T03:09:09.780Z,38.7771683,-122.8125,6.81,1.77,md,18,155,0.02499,0.3,nc,nc72752750,2017-01-16T03:25:02.097Z,"4km W of The Geysers, California",earthquake,1.32,2.41,0.15,6,automatic,nc,nc
2017-01-16T03:08:55.700Z,18.4843,-66.3937,121,3.4,Md,14,201.6,0.12845909,0.2,pr,pr17016001,2017-01-16T03:32:54.280Z,"4km N of Vega Baja, Puerto Rico",earthquake,1.5,0.8,0,13,reviewed,pr,pr
2017-01-16T03:01:51.500Z,19.4484,-63.7369,63,3.6,Md,9,320.4,1.8514278,0.23,pr,pr17016004,2017-01-16T06:37:24.927Z,"147km NE of Road Town, British Virgin Islands",earthquake,4.1,13.4,0,4,reviewed,pr,pr
2017-01-16T03:01:09.443Z,38.3892,-118.9239,7.6,1.1,ml,10,95.65,0.142,0.1561,nn,nn00574268,2017-01-17T02:38:14.415Z,"30km WSW of Hawthorne, Nevada",earthquake,,1.9,0.06,2,reviewed,nn,nn
2017-01-16T02:56:03.500Z,18.0478,-66.1938,15,2.9,Md,17,133.2,0.07456017,0.21,pr,pr17016000,2017-01-16T03:27:58.047Z,"1km E of La Plena, Puerto Rico",earthquake,0.5,0.9,0,16,reviewed,pr,pr
2017-01-16T02:53:06.223Z,61.0872,-148.7661,14.9,2.5,ml,,,,0.94,ak,ak15077809,2017-01-16T02:59:22.348Z,"35km N of Whittier, Alaska",earthquake,,1.8,,,automatic,ak,ak
2017-01-16T02:50:07.250Z,52.622,-168.036,42.57,4.9,mb,,166,0.608,1.07,us,us10007tfl,2017-01-16T03:19:12.503Z,"66km ESE of Nikolski, Alaska",earthquake,8.3,6.5,0.033,287,reviewed,us,us
2017-01-16T02:45:36.800Z,33.3031667,-115.6916667,4.12,1.81,ml,30,98,0.06037,0.22,ci,ci37569119,2017-01-16T02:56:23.100Z,"6km SE of Bombay Beach, CA",earthquake,0.41,1.31,0.14,25,automatic,ci,ci
2017-01-16T02:28:11.614Z,36.1018,-116.6542,9.1,0.1,ml,5,191.42,0.085,0.0905,nn,nn00574265,2017-01-17T02:38:12.615Z,"61km W of Pahrump, Nevada",earthquake,,2.3,0.09,2,reviewed,nn,nn
2017-01-16T02:22:40.920Z,34.0441667,-117.234,15.61,1.67,ml,68,28,0.1013,0.18,ci,ci37569111,2017-01-16T02:33:14.370Z,"2km E of Loma Linda, CA",earthquake,0.24,0.43,0.162,24,automatic,ci,ci
2017-01-16T02:13:46.957Z,38.4034,-118.8851,11.8,1.1,ml,8,168.24,0.108,0.182,nn,nn00574191,2017-01-17T02:36:44.243Z,"26km WSW of Hawthorne, Nevada",earthquake,,2.4,0.22,2,reviewed,nn,nn
2017-01-16T02:06:02.122Z,38.3917,-118.9209,4.4,0.7,ml,6,242.6,0.346,0.1527,nn,nn00574262,2017-01-17T02:38:10.901Z,"29km WSW of Hawthorne, Nevada",earthquake,,7.1,0.05,2,reviewed,nn,nn
2017-01-16T01:57:11.690Z,38.8530006,-122.8531647,1.13,0.64,md,8,105,0.01773,0.02,nc,nc72752735,2017-01-16T01:58:52.929Z,"11km WNW of Cobb, California",earthquake,0.38,0.93,0.08,2,automatic,nc,nc
2017-01-16T01:56:37.809Z,38.4089,-118.9365,8,0.8,ml,8,177.29,0.142,0.1052,nn,nn00574188,2017-01-17T02:36:42.075Z,"30km WSW of Hawthorne, Nevada",earthquake,,6.6,0.26,4,reviewed,nn,nn
2017-01-16T01:41:56.236Z,38.4253,-118.8977,8.9,1,ml,10,160.6,0.108,0.1619,nn,nn00574256,2017-01-17T02:38:00.923Z,"26km WSW of Hawthorne, Nevada",earthquake,,1.6,0.17,2,reviewed,nn,nn
2017-01-16T01:16:38.990Z,-13.6571,166.3802,10,5.8,mb,,28,7.128,1.2,us,us10007tfe,2017-01-16T04:43:52.935Z,"128km W of Sola, Vanuatu",earthquake,3.5,1.9,0.064,89,reviewed,us,us
2017-01-16T01:14:27.077Z,38.39,-118.9164,7.9,1.6,ml,13,116.25,0.136,0.1732,nn,nn00574177,2017-01-17T02:36:40.341Z,"29km WSW of Hawthorne, Nevada",earthquake,,4.4,0.27,9,reviewed,nn,nn
2017-01-16T01:08:59.870Z,36.0195,-117.8855,1.78,1.14,ml,20,82,0.01239,0.14,ci,ci37569087,2017-01-16T01:12:36.077Z,"6km ESE of Coso Junction, CA",earthquake,0.23,0.27,0.193,19,automatic,ci,ci
2017-01-16T01:04:04.413Z,38.4341,-118.8771,6.6,0.8,ml,6,282.39,0.09,0.0889,nn,nn00574228,2017-01-17T02:37:29.433Z,"24km WSW of Hawthorne, Nevada",earthquake,,3.1,0.12,3,reviewed,nn,nn
2017-01-16T01:02:34.282Z,37.933,-116.1615,0,0.9,ml,7,127.32,0.615,0.2663,nn,nn00574252,2017-01-17T02:37:59.135Z,"33km SSE of Warm Springs, Nevada",earthquake,,0,0.15,3,reviewed,nn,nn
2017-01-16T00:41:49.190Z,-30.0767,-177.7849,10,4.8,mb,,121,0.838,1.24,us,us10007tfd,2017-01-16T01:07:13.040Z,"90km S of Raoul Island, New Zealand",earthquake,10,1.9,0.081,47,reviewed,us,us
2017-01-16T00:19:28.245Z,38.3804,-118.8959,7.8,2.3,ml,25,57.64,0.128,0.1763,nn,nn00574175,2017-01-17T02:36:38.982Z,"28km SW of Hawthorne, Nevada",earthquake,,2.7,0.35,15,reviewed,nn,nn
2017-01-16T00:05:11.910Z,64.5274,-148.9095,16.4,0.9,ml,,,,0.34,ak,ak15077440,2017-01-16T00:14:20.890Z,"11km ESE of North Nenana, Alaska",earthquake,,0.2,,,automatic,ak,ak
2017-01-15T23:46:56.280Z,33.87,-116.8953333,10.42,1.04,ml,14,92,0.08643,0.23,ci,ci37569031,2017-01-15T23:50:50.416Z,"6km SSW of Banning, CA",earthquake,0.77,1.66,0.262,19,automatic,ci,ci
2017-01-15T23:46:49.070Z,33.8156667,-117.3195,8.73,1.76,ml,17,126,0.2758,0.34,ci,ci37569023,2017-01-15T23:50:34.542Z,"3km SW of Mead Valley, CA",earthquake,1.22,3.92,0.367,10,automatic,ci,ci
2017-01-15T23:43:47.777Z,59.9785,-153.4156,140.1,2.5,ml,,,,0.59,ak,ak15077099,2017-01-16T00:01:23.040Z,"67km SSW of Redoubt Volcano, Alaska",earthquake,,0.3,,,reviewed,ak,ak
2017-01-15T23:38:24.800Z,19.3561,-65.069,54,3.2,Md,5,320.4,1.06091035,0.28,pr,pr17015008,2017-01-16T04:07:28.218Z,"113km N of Charlotte Amalie, U.S. Virgin Islands",earthquake,6.1,16.9,0,4,reviewed,pr,pr
2017-01-15T23:36:16.400Z,17.9468,-66.7014,9,1.5,Md,4,230.4,0.13115403,0.33,pr,pr17015007,2017-01-16T04:03:17.712Z,"5km SSE of Tallaboa, Puerto Rico",earthquake,4.1,7.4,0,4,reviewed,pr,pr
2017-01-15T23:33:19.410Z,38.8383331,-122.8308334,1.81,0.43,md,6,113,0.003643,0,nc,nc72752680,2017-01-15T23:34:59.242Z,"9km W of Cobb, California",earthquake,0.73,0.73,0.15,2,automatic,nc,nc
2017-01-15T23:33:12.000Z,19.3773,-65.0063,40,3.4,Md,8,313.2,1.09504633,0.34,pr,pr17015006,2017-01-16T04:07:48.349Z,"113km NNW of Road Town, British Virgin Islands",earthquake,4,21.1,0,5,reviewed,pr,pr
2017-01-15T23:28:04.100Z,19.3483,-65.054,30,4.2,Mb,20,295.2,1.05641877,0.38,pr,pr17015005,2017-01-16T03:54:19.103Z,"99km NNW of Charlotte Amalie, U.S. Virgin Islands",earthquake,2.8,27.8,0,14,reviewed,pr,pr
2017-01-15T23:18:22.710Z,38.7630005,-122.6458359,3.52,2.06,md,26,63,0.0421,0.11,nc,nc72752670,2017-01-15T23:23:03.254Z,"2km WNW of Middletown, California",earthquake,0.31,0.84,0.21,17,automatic,nc,nc
2017-01-15T23:11:06.760Z,38.8305016,-122.7761688,1.47,0.94,md,7,127,0.01386,0.03,nc,nc72752665,2017-01-15T23:12:43.897Z,"4km WNW of Cobb, California",earthquake,1.61,0.8,0.06,2,automatic,nc,nc
2017-01-15T23:08:41.421Z,38.4313,-118.9018,8.4,0.8,ml,10,86.24,0.356,0.1249,nn,nn00574167,2017-01-15T23:48:03.754Z,"26km WSW of Hawthorne, Nevada",earthquake,,9.8,0.08,2,reviewed,nn,nn
2017-01-15T22:58:56.995Z,60.2779,-150.9915,55.7,1.6,ml,,,,0.25,ak,ak15077095,2017-01-15T23:06:47.575Z,"20km ESE of Cohoe, Alaska",earthquake,,1.2,,,automatic,ak,ak
2017-01-15T22:58:09.000Z,38.8003349,-122.7456665,0.3,1.08,md,13,65,0.01845,0.04,nc,nc72752655,2017-01-15T22:59:51.241Z,"2km NNE of The Geysers, California",earthquake,0.24,0.68,0.19,5,automatic,nc,nc
2017-01-15T22:51:23.338Z,38.3797,-118.9047,6.4,1.4,ml,14,114.2,0.134,0.1681,nn,nn00574164,2017-01-16T01:17:23.705Z,"29km WSW of Hawthorne, Nevada",earthquake,,2.8,0.14,7,reviewed,nn,nn
2017-01-15T22:48:26.000Z,33.4971667,-116.7883333,4.67,0.85,ml,32,46,0.0803,0.15,ci,ci37569015,2017-01-15T22:51:59.717Z,"9km NE of Aguanga, CA",earthquake,0.19,0.42,0.098,26,automatic,ci,ci
2017-01-15T22:29:52.461Z,58.3146,-154.9542,0,2,ml,,,,0.56,ak,ak15077087,2017-01-15T22:44:34.109Z,"103km NNW of Larsen Bay, Alaska",earthquake,,0.3,,,automatic,ak,ak
2017-01-15T22:27:53.305Z,61.7186,-148.2018,8.5,0.4,ml,,,,0.22,ak,ak15077086,2017-01-16T03:48:07.297Z,"35km ESE of Sutton-Alpine, Alaska",earthquake,,0.2,,,reviewed,ak,ak
2017-01-15T22:27:31.060Z,34.9306667,-119.2483333,3.97,1.44,ml,15,143,0.1357,0.25,ci,ci37568999,2017-01-15T22:31:07.798Z,"13km NW of Pine Mountain Club, CA",earthquake,0.79,2.56,0.202,20,automatic,ci,ci
2017-01-15T22:14:56.030Z,49.3703333,-120.5073333,-0.51,2.16,ml,6,217,0.5788,0.22,uw,uw61228822,2017-01-16T02:19:12.080Z,"9km S of Princeton, Canada",explosion,2.33,31.61,0.114,6,reviewed,uw,uw
2017-01-15T22:08:26.417Z,65.4317,-147.9158,13.2,1.3,ml,,,,0.21,ak,ak15077084,2017-01-15T22:14:59.221Z,"64km N of College, Alaska",earthquake,,0.2,,,automatic,ak,ak
2017-01-15T22:03:06.900Z,18.0158,-65.6295,20,2.2,Md,5,216,0.10869615,0.14,pr,pr17015004,2017-01-15T23:41:27.093Z,"19km WSW of Esperanza, Puerto Rico",earthquake,0.9,1,0,5,reviewed,pr,pr
2017-01-15T21:46:23.960Z,40.3768349,-124.5130005,21.13,1.9,md,11,282,0.1664,0.08,nc,nc72752635,2017-01-15T22:02:02.082Z,"30km SW of Ferndale, California",earthquake,2.92,0.72,0.14,5,automatic,nc,nc
2017-01-15T21:32:49.310Z,33.2863333,-116.3166667,2.19,1.03,ml,24,115,0.0861,0.21,ci,ci37568951,2017-01-15T21:36:32.671Z,"6km ENE of Borrego Springs, CA",earthquake,0.34,0.78,0.222,25,automatic,ci,ci
2017-01-15T21:10:43.080Z,33.1101667,-116.4081667,6.16,1.16,ml,21,57,0.1533,0.23,ci,ci37568943,2017-01-15T21:14:24.676Z,"16km S of Borrego Springs, CA",earthquake,0.39,1.63,0.145,28,automatic,ci,ci
2017-01-15T21:08:59.800Z,19.1828,-66.6806,24,3.4,Md,16,270,0.71505897,0.34,pr,pr17015003,2017-01-15T21:48:12.970Z,"78km N of Hatillo, Puerto Rico",earthquake,1.3,21.8,0,12,reviewed,pr,pr
2017-01-15T21:02:00.291Z,64.8934,-147.6228,10.8,0.4,ml,,,,0.37,ak,ak15077081,2017-01-15T21:11:10.214Z,"7km NE of Fairbanks, Alaska",earthquake,,0.5,,,automatic,ak,ak
2017-01-15T20:41:05.520Z,33.3051667,-115.6938333,5.15,2.78,ml,49,125,0.0577,0.25,ci,ci37568927,2017-01-17T01:06:49.646Z,"6km SE of Bombay Beach, CA",earthquake,0.42,0.9,0.179,26,automatic,ci,ci
2017-01-15T20:40:37.510Z,33.1193333,-116.1888333,7.63,1.38,ml,14,132,0.2964,0.35,ci,ci37568919,2017-01-15T20:44:11.391Z,"6km WSW of Ocotillo Wells, CA",earthquake,1.23,31.61,0.19,28,automatic,ci,ci
2017-01-15T20:38:05.598Z,62.6198,-149.1168,53.1,1.6,ml,,,,0.39,ak,ak15077078,2017-01-15T20:52:27.397Z,"60km ENE of Talkeetna, Alaska",earthquake,,0.5,,,automatic,ak,ak
2017-01-15T20:37:48.810Z,47.5611667,-120.3573333,5.39,1.81,ml,15,95,0.04596,0.1,uw,uw61228757,2017-01-16T04:53:31.786Z,"9km N of Sunnyslope, Washington",earthquake,0.31,0.9,0.207,12,reviewed,uw,uw
2017-01-15T20:14:28.990Z,37.6708336,-118.8724976,0.67,1.23,md,11,89,0.03083,0.05,nc,nc72752615,2017-01-15T20:30:03.899Z,"9km ENE of Mammoth Lakes, California",earthquake,0.36,1.27,0.13,10,automatic,nc,nc
2017-01-15T20:08:01.330Z,33.4866667,-116.4568333,13.42,0.77,ml,23,106,0.04493,0.22,ci,ci37568879,2017-01-15T20:11:43.989Z,"22km ESE of Anza, CA",earthquake,0.46,0.8,0.107,22,automatic,ci,ci
2017-01-15T20:01:51.240Z,59.498,-151.9754,50.8,1.7,ml,,,,0.35,ak,ak15077075,2017-01-15T20:12:21.294Z,"29km WSW of Homer, Alaska",earthquake,,1.7,,,automatic,ak,ak
2017-01-15T19:51:46.458Z,59.8745,-153.1419,125.8,2.6,ml,,,,0.47,ak,ak15077068,2017-01-15T20:07:10.352Z,"71km SSW of Redoubt Volcano, Alaska",earthquake,,0.5,,,automatic,ak,ak
2017-01-15T19:48:26.002Z,38.3988,-118.9228,5.7,2.1,ml,22,73.92,0.136,0.1821,nn,nn00574132,2017-01-15T20:11:56.100Z,"29km WSW of Hawthorne, Nevada",earthquake,,3.2,0.43,11,reviewed,nn,nn
2017-01-15T19:39:48.570Z,38.3622,-118.9084,7.1,1.2,ml,17,73.75,0.147,0.1548,nn,nn00574131,2017-01-15T20:24:24.165Z,"30km SW of Hawthorne, Nevada",earthquake,,4,0.24,3,reviewed,nn,nn
2017-01-15T19:32:52.011Z,61.0701,-151.3479,62.2,2.7,ml,,,,0.63,ak,ak15077060,2017-01-15T19:47:36.808Z,"42km N of Nikiski, Alaska",earthquake,,0.5,,,automatic,ak,ak
2017-01-15T19:27:12.270Z,36.4705009,-121.0134964,5.55,1.17,md,8,144,0.04594,0.04,nc,nc72752605,2017-01-15T19:50:02.834Z,"26km NE of Greenfield, California",earthquake,0.49,1.34,0.29,7,automatic,nc,nc
2017-01-15T19:23:18.970Z,37.6706657,-118.8376694,0.53,1.13,md,9,109,0.01966,0.05,nc,nc72752600,2017-01-15T19:38:02.815Z,"12km ENE of Mammoth Lakes, California",earthquake,0.4,1.01,0.12,9,automatic,nc,nc
2017-01-15T19:11:01.170Z,33.8305,-117.1683333,17.58,1.7,ml,58,44,0.04371,0.19,ci,ci37568847,2017-01-15T19:21:30.320Z,"4km NNW of Nuevo, CA",earthquake,0.22,0.46,0.112,28,automatic,ci,ci
2017-01-15T19:01:03.530Z,35.685,-97.4137,5,2.6,mb_lg,,32,0.103,0.41,us,us10007tej,2017-01-17T10:08:52.148Z,"6km ENE of Edmond, Oklahoma",earthquake,1.3,1.4,0.079,42,reviewed,us,us
2017-01-15T18:54:16.739Z,58.9605,-152.8376,44.6,1.9,ml,,,,0.25,ak,ak15077059,2017-01-15T19:03:49.150Z,"105km SW of Homer, Alaska",earthquake,,8.1,,,automatic,ak,ak
2017-01-15T18:41:40.620Z,63.1762,-149.8341,83.4,2.1,ml,,,,0.6,ak,ak15077053,2017-01-15T19:03:48.882Z,"50km WSW of Cantwell, Alaska",earthquake,,0.6,,,automatic,ak,ak
2017-01-15T18:34:21.780Z,33.4935,-116.7906667,6.2,1.18,ml,40,39,0.08444,0.22,ci,ci37568839,2017-01-15T18:45:19.590Z,"9km NE of Aguanga, CA",earthquake,0.23,0.87,0.121,27,automatic,ci,ci
2017-01-15T18:09:12.728Z,63.1058,-149.7052,85.3,1.4,ml,,,,0.55,ak,ak15077049,2017-01-15T18:15:46.424Z,"49km SW of Cantwell, Alaska",earthquake,,0.7,,,automatic,ak,ak
2017-01-15T17:33:39.230Z,63.0536,-150.7099,117.8,1.5,ml,,,,0.58,ak,ak15077046,2017-01-15T17:42:51.519Z,"86km NNW of Talkeetna, Alaska",earthquake,,1.1,,,automatic,ak,ak
2017-01-15T17:31:40.720Z,38.8170013,-122.8184967,2.29,0.93,md,15,77,0.009168,0.02,nc,nc72752570,2017-01-15T17:33:18.983Z,"6km NW of The Geysers, California",earthquake,0.3,0.31,0.13,5,automatic,nc,nc
2017-01-15T17:22:20.180Z,38.8373337,-122.7881699,1.35,0.3,md,6,116,0.002009,0.02,nc,nc72752565,2017-01-15T17:23:59.429Z,"5km WNW of Cobb, California",earthquake,0.8,1.17,,1,automatic,nc,nc
2017-01-15T17:11:00.290Z,34.024,-118.0755,25.41,1.53,ml,7,127,0.3291,0.26,ci,ci37568815,2017-01-15T17:14:44.884Z,"3km ENE of Montebello, CA",earthquake,0.99,6.09,0.26,31,automatic,ci,ci
2017-01-15T17:06:50.042Z,61.4815,-140.9728,0,1.8,ml,,,,0.5,ak,ak15077040,2017-01-15T17:15:59.256Z,"176km NNE of Cape Yakataga, Alaska",earthquake,,0.8,,,automatic,ak,ak
2017-01-15T16:47:29.070Z,36.4586667,-83.0818333,22.74,2.58,md,24,69,0.2334,0.11,se,se60172026,2017-01-17T13:19:04.302Z,"8km NW of Rogersville, Tennessee",earthquake,0.24,0.55,0.107,14,reviewed,se,se
2017-01-15T16:41:24.240Z,38.7741661,-122.8791656,1.83,0.73,md,6,232,0.07372,0.02,nc,nc72752560,2017-01-15T16:43:04.270Z,"10km W of The Geysers, California",earthquake,1.67,6.42,0.18,4,automatic,nc,nc
2017-01-15T16:27:47.570Z,34.9793333,-116.8108333,1.1,1.69,ml,17,61,0.182,0.16,ci,ci37568807,2017-01-15T16:31:14.761Z,"21km ENE of Barstow, CA",earthquake,0.3,0.58,0.207,26,automatic,ci,ci
2017-01-15T15:57:46.958Z,62.9926,-150.6377,110.4,1.6,ml,,,,0.4,ak,ak15076706,2017-01-15T16:07:38.842Z,"79km NNW of Talkeetna, Alaska",earthquake,,0.6,,,automatic,ak,ak
2017-01-15T15:26:32.670Z,-6.2275,154.4863,65.25,4.6,mb,,69,3.072,0.69,us,us10007tea,2017-01-16T15:08:50.093Z,"110km W of Panguna, Papua New Guinea",earthquake,8.8,7.4,0.077,50,reviewed,us,us
2017-01-15T15:06:49.770Z,33.1053333,-115.6,10.37,1.48,ml,23,74,0.02292,0.23,ci,ci37568791,2017-01-15T15:10:33.182Z,"8km NNE of Westmorland, CA",earthquake,0.43,0.8,0.199,28,automatic,ci,ci
2017-01-15T15:03:40.440Z,38.8325005,-122.7716675,1.26,0.88,md,11,123,0.002446,0.01,nc,nc72752535,2017-01-15T15:05:19.781Z,"4km WNW of Cobb, California",earthquake,0.3,0.52,0.1,3,automatic,nc,nc
2017-01-15T14:38:10.416Z,61.2327,-150.0137,35.8,2.2,ml,,,,0.75,ak,ak15076372,2017-01-15T14:52:15.570Z,"6km WNW of Anchorage, Alaska",earthquake,,0.4,,,automatic,ak,ak
2017-01-15T14:32:39.930Z,33.3521667,-115.504,4.52,1.76,ml,14,184,0.1892,0.24,ci,ci37568783,2017-01-15T14:36:21.578Z,"12km N of Niland, CA",earthquake,1.24,4.18,0.169,29,automatic,ci,ci
2017-01-15T14:27:56.680Z,33.3488333,-116.3563333,10.83,2.31,ml,73,24,0.09519,0.18,ci,ci37568775,2017-01-15T14:39:02.210Z,"10km N of Borrego Springs, CA",earthquake,0.18,0.42,0.136,26,automatic,ci,ci
2017-01-15T14:27:15.240Z,33.3475,-116.3223333,9.85,0.82,ml,14,207,0.1121,0.18,ci,ci37568767,2017-01-15T14:30:44.885Z,"11km NNE of Borrego Springs, CA",earthquake,0.59,1.36,0.076,5,automatic,ci,ci
2017-01-15T14:26:10.540Z,33.3491667,-116.3551667,10.74,2.33,ml,74,30,0.096,0.19,ci,ci37568759,2017-01-15T14:29:58.544Z,"10km N of Borrego Springs, CA",earthquake,0.18,0.44,0.158,25,automatic,ci,ci
2017-01-15T14:12:59.980Z,14.4055,-90.1635,209.89,4.6,mb,,124,0.778,0.69,us,us10007te1,2017-01-15T15:36:58.040Z,"8km ESE of Casillas, Guatemala",earthquake,8.1,7.7,0.041,181,reviewed,us,us
2017-01-15T14:04:41.437Z,62.9745,-151.0025,133,1.8,ml,,,,0.47,ak,ak15076042,2017-01-15T14:13:28.323Z,"85km NNW of Talkeetna, Alaska",earthquake,,0.8,,,automatic,ak,ak
2017-01-15T13:50:10.890Z,33.2963333,-115.6866667,6.26,2.1,ml,42,72,0.06836,0.21,ci,ci37568743,2017-01-15T14:00:46.100Z,"7km SE of Bombay Beach, CA",earthquake,0.33,1.03,0.141,28,automatic,ci,ci
2017-01-15T13:48:43.240Z,33.3568333,-115.8868333,7.85,1.49,ml,21,114,0.1318,0.32,ci,ci37568735,2017-01-15T13:52:27.416Z,"9km NE of Salton City, CA",earthquake,1.35,5.21,0.16,28,automatic,ci,ci
2017-01-15T13:47:12.680Z,33.2968333,-115.686,4.82,1.25,ml,19,129,0.06827,0.23,ci,ci37568727,2017-01-15T13:50:56.923Z,"7km SE of Bombay Beach, CA",earthquake,0.46,1.2,0.121,25,automatic,ci,ci
2017-01-15T13:35:00.550Z,33.3025,-115.6866667,6.08,2.61,ml,49,76,0.0634,0.26,ci,ci37568719,2017-01-15T21:37:28.111Z,"7km SE of Bombay Beach, CA",earthquake,0.41,1.22,0.159,28,automatic,ci,ci
2017-01-15T13:27:26.603Z,61.727,-148.2016,15.6,1,ml,,,,0.29,ak,ak15076039,2017-01-15T13:33:30.907Z,"35km ESE of Sutton-Alpine, Alaska",earthquake,,0.2,,,automatic,ak,ak
2017-01-15T13:20:04.261Z,38.3853,-118.9015,6.7,0.9,ml,11,82.56,0.129,0.1739,nn,nn00574094,2017-01-15T18:01:56.210Z,"28km WSW of Hawthorne, Nevada",earthquake,,3.6,0.35,4,reviewed,nn,nn
2017-01-15T13:18:10.230Z,38.9013,70.6915,6.4,4.6,mb,,68,0.308,0.88,us,us10007tdw,2017-01-15T14:22:03.040Z,"30km ESE of Gharm, Tajikistan",earthquake,3.1,5.1,0.103,28,reviewed,us,us
2017-01-15T13:15:28.960Z,33.2978333,-115.6826667,4.34,1.72,ml,31,132,0.06913,0.21,ci,ci37568711,2017-01-15T13:26:25.220Z,"8km SE of Bombay Beach, CA",earthquake,0.4,1.15,0.122,28,automatic,ci,ci
2017-01-15T13:06:58.511Z,60.8682,-152.0117,98.3,1.9,ml,,,,0.77,ak,ak15076037,2017-01-15T13:16:43.286Z,"44km WNW of Nikiski, Alaska",earthquake,,1.5,,,automatic,ak,ak
2017-01-15T13:02:17.040Z,38.7898331,-122.7608337,0.83,0.38,md,7,91,0.01947,0.01,nc,nc72752510,2017-01-15T13:03:58.705Z,"1km NNW of The Geysers, California",earthquake,0.69,2.13,0.1,3,automatic,nc,nc
2017-01-15T12:41:35.888Z,38.4271,-118.8906,6.9,0.5,ml,8,167.44,0.102,0.1234,nn,nn00574092,2017-01-15T19:47:06.767Z,"25km WSW of Hawthorne, Nevada",earthquake,,4.1,0.17,2,reviewed,nn,nn
2017-01-15T12:28:19.918Z,38.4075,-118.9326,8.5,0.9,ml,11,91.57,0.14,0.134,nn,nn00574090,2017-01-15T19:25:35.682Z,"29km WSW of Hawthorne, Nevada",earthquake,,3.2,0.17,3,reviewed,nn,nn
2017-01-15T12:27:54.800Z,34.0285,-117.2283333,16.28,2.23,ml,93,28,0.09315,0.17,ci,ci37568703,2017-01-15T12:39:07.130Z,"4km SE of Loma Linda, CA",earthquake,0.17,0.4,0.137,25,automatic,ci,ci
2017-01-15T12:25:53.013Z,38.406,-118.9275,7.2,1,ml,13,75.4,0.137,0.1284,nn,nn00574089,2017-01-15T17:40:12.013Z,"29km WSW of Hawthorne, Nevada",earthquake,,5.1,0.16,2,reviewed,nn,nn
2017-01-15T12:25:11.282Z,38.4247,-118.9044,6.8,1.1,ml,12,87.06,0.114,0.1174,nn,nn00574088,2017-01-15T19:13:10.781Z,"26km WSW of Hawthorne, Nevada",earthquake,,3.2,0.22,4,reviewed,nn,nn
2017-01-15T12:13:22.070Z,44.4182,141.1356,235.84,4.3,mb,,71,1.089,0.81,us,us10007tds,2017-01-15T12:28:55.040Z,"67km NW of Rumoi, Japan",earthquake,8.8,7.7,0.062,74,reviewed,us,us
2017-01-15T12:09:28.070Z,65.165,-149.2556,13.1,1.5,ml,,,,0.32,ak,ak15076026,2017-01-15T12:18:38.203Z,"65km N of North Nenana, Alaska",earthquake,,0.4,,,automatic,ak,ak
2017-01-15T11:55:49.910Z,33.4938333,-116.791,4.58,0.83,ml,33,60,0.0843,0.12,ci,ci37568695,2017-01-15T11:59:29.990Z,"9km NE of Aguanga, CA",earthquake,0.15,0.33,0.12,25,automatic,ci,ci
2017-01-15T11:51:55.410Z,32.6198333,-115.75,6.73,1.3,ml,16,190,0.03553,0.19,ci,ci37568687,2017-01-15T11:55:27.148Z,"16km WNW of Progreso, B.C., MX",earthquake,0.7,0.79,0.143,18,automatic,ci,ci
2017-01-15T11:49:51.125Z,64.6918,-149.3902,18.8,1.1,ml,,,,0.31,ak,ak15075698,2017-01-15T12:01:10.107Z,"18km NW of North Nenana, Alaska",earthquake,,0.2,,,automatic,ak,ak
2017-01-15T11:46:34.013Z,64.2046,-147.0687,0.9,1.4,ml,,,,0.31,ak,ak15075697,2017-01-15T11:50:44.987Z,"36km SSW of Salcha, Alaska",earthquake,,1,,,automatic,ak,ak
2017-01-15T11:45:22.033Z,38.4261,-118.9056,5.6,0.7,ml,10,132.9,0.114,0.1246,nn,nn00574163,2017-01-15T22:52:47.866Z,"26km WSW of Hawthorne, Nevada",earthquake,,5.7,0.06,2,reviewed,nn,nn
2017-01-15T11:42:22.496Z,38.4233,-118.9116,6.5,0.8,ml,9,208.62,0.119,0.1649,nn,nn00574162,2017-01-15T22:43:27.042Z,"27km WSW of Hawthorne, Nevada",earthquake,,3.1,0.29,4,reviewed,nn,nn
2017-01-15T11:16:33.687Z,38.0472,-118.9902,8.2,0.8,ml,11,82.3,0.151,0.1688,nn,nn00574161,2017-01-15T22:34:10.863Z,"31km SE of Bridgeport, California",earthquake,,5.5,0.3,3,reviewed,nn,nn
2017-01-15T11:11:10.315Z,38.3993,-118.9183,8.3,1.1,ml,11,90.82,0.133,0.0978,nn,nn00574087,2017-01-15T17:30:48.124Z,"29km WSW of Hawthorne, Nevada",earthquake,,2.9,0.25,4,reviewed,nn,nn
2017-01-15T11:08:30.890Z,38.8288345,-122.7949982,1.29,0.88,md,16,65,0.01023,0.02,nc,nc72752490,2017-01-15T11:10:09.071Z,"6km W of Cobb, California",earthquake,0.24,0.42,0.03,4,automatic,nc,nc
2017-01-15T11:04:36.950Z,36.5165,-98.9306,8.61,2.5,mb_lg,,110,0.118,0.96,us,us10007tdl,2017-01-15T20:15:02.883Z,"26km ENE of Mooreland, Oklahoma",earthquake,2.1,4.3,0.085,36,reviewed,us,us
2017-01-15T10:54:57.590Z,36.5963326,-121.2031631,5.88,2,md,17,99,0.02385,0.07,nc,nc72752475,2017-01-15T10:59:02.712Z,"22km NNE of Soledad, California",earthquake,0.32,0.76,0.15,16,automatic,nc,nc
2017-01-15T10:54:02.465Z,59.5456,-137.4161,0,2.1,ml,,,,0.62,ak,ak15075693,2017-01-15T19:09:18.551Z,"117km WNW of Haines, Alaska",earthquake,,0.3,,,automatic,ak,ak
2017-01-15T10:28:18.112Z,38.3731,-118.8983,13.5,0.5,ml,8,164.5,0.323,0.1194,nn,nn00574160,2017-01-15T22:21:52.913Z,"29km SW of Hawthorne, Nevada",earthquake,,11.8,0.09,2,reviewed,nn,nn
2017-01-15T10:08:17.410Z,38.8395004,-122.8365021,1.88,0.43,md,7,117,0.001207,0.03,nc,nc72752470,2017-01-15T10:10:04.923Z,"9km NW of The Geysers, California",earthquake,0.46,0.62,0.15,2,automatic,nc,nc
2017-01-15T09:47:28.350Z,33.4928333,-116.7851667,4.67,1.31,ml,12,116,0.08269,0.14,ci,ci37568679,2017-01-15T09:51:01.723Z,"9km NE of Aguanga, CA",earthquake,0.47,0.84,0.462,9,automatic,ci,ci
2017-01-15T09:46:35.953Z,38.3715,-118.8955,7.3,1.1,ml,15,81.99,0.133,0.1624,nn,nn00574086,2017-01-15T17:24:32.273Z,"29km SW of Hawthorne, Nevada",earthquake,,3.6,0.21,4,reviewed,nn,nn
2017-01-15T09:44:50.670Z,-0.1602,-80.6517,35.57,4.6,mb,,99,2.157,0.97,us,us10007tdb,2017-01-15T11:48:00.277Z,"55km NNW of Bahia de Caraquez, Ecuador",earthquake,7.7,9.2,0.06,83,reviewed,us,us
2017-01-15T09:32:14.520Z,32.6696667,-115.9455,6.19,1.13,ml,17,74,0.02952,0.21,ci,ci37568671,2017-01-15T09:35:40.789Z,"8km SSE of Ocotillo, CA",earthquake,0.39,0.89,0.164,16,automatic,ci,ci
2017-01-15T09:17:35.450Z,38.8378334,-122.8293304,1.39,0.93,md,16,51,0.004867,0.03,nc,nc72752450,2017-01-15T09:19:12.784Z,"9km W of Cobb, California",earthquake,0.23,0.52,0.09,4,automatic,nc,nc
2017-01-15T09:15:40.591Z,62.3426,-150.7584,22.3,0.8,ml,,,,0.33,ak,ak15075364,2017-01-15T09:44:40.660Z,"33km W of Talkeetna, Alaska",earthquake,,1.1,,,reviewed,ak,ak
2017-01-15T09:13:41.420Z,33.739,-116.8603333,8.87,0.46,ml,14,75,0.07404,0.21,ci,ci37568663,2017-01-15T09:17:18.761Z,"3km ESE of Valle Vista, CA",earthquake,0.4,0.95,0.121,7,automatic,ci,ci
2017-01-15T09:09:01.070Z,-2.0324,128.5537,47.58,4.3,mb,,121,3.027,1.03,us,us10007td4,2017-01-15T09:25:11.040Z,"91km N of Taniwel, Indonesia",earthquake,9.5,11.4,0.143,14,reviewed,us,us
2017-01-15T08:57:29.413Z,38.6983,-118.4415,6,0.7,ml,7,102.78,0.095,0.1383,nn,nn00574159,2017-01-15T22:15:39.822Z,"25km NE of Hawthorne, Nevada",earthquake,,6.1,0.52,3,reviewed,nn,nn
2017-01-15T08:51:34.500Z,34.699,-116.9075,0.55,1.25,ml,28,55,0.1907,0.2,ci,ci37568655,2017-01-15T08:55:10.261Z,"25km SSE of Barstow, CA",earthquake,0.35,1.13,0.16,18,automatic,ci,ci
2017-01-15T08:50:18.360Z,19.4078331,-155.2769928,0.69,2.35,ml,20,47,0.005587,0.26,hv,hv61563336,2017-01-15T08:56:03.930Z,"4km WSW of Volcano, Hawaii",earthquake,0.18,0.25,0.22,22,automatic,hv,hv
2017-01-15T08:48:25.280Z,-22.5268,-68.6309,107.96,4.7,mb,,26,0.272,0.91,us,us10007tcy,2017-01-15T09:09:21.040Z,"31km ESE of Calama, Chile",earthquake,6.8,6.8,0.065,72,reviewed,us,us
2017-01-15T08:42:51.073Z,38.3402,-118.9069,12,1,ml,12,82.38,0.294,0.1472,nn,nn00574085,2017-01-15T17:18:17.113Z,"29km ENE of Bridgeport, California",earthquake,,5.2,0.23,2,reviewed,nn,nn
2017-01-15T08:27:24.710Z,37.4403343,-118.6969986,9.8,1.43,md,18,123,0.1375,0.04,nc,nc72752435,2017-01-15T08:43:02.448Z,"23km WNW of West Bishop, California",earthquake,0.43,1.76,0.19,15,automatic,nc,nc
2017-01-15T08:14:02.764Z,57.7266,-154.0314,51.7,1.9,ml,,,,0.22,ak,ak15075362,2017-01-15T08:19:55.620Z,"21km N of Larsen Bay, Alaska",earthquake,,2.9,,,automatic,ak,ak
2017-01-15T08:09:02.058Z,38.3758,-118.914,6.3,0.7,ml,11,92.63,0.33,0.1443,nn,nn00574083,2017-01-15T17:08:46.156Z,"30km WSW of Hawthorne, Nevada",earthquake,,3,0.2,2,reviewed,nn,nn
2017-01-15T07:57:23.540Z,38.8111649,-122.7929993,2.61,1.34,md,22,92,0.009845,0.02,nc,nc72752425,2017-01-15T08:13:01.385Z,"4km NW of The Geysers, California",earthquake,0.28,0.46,0.1,5,automatic,nc,nc
2017-01-15T07:51:48.186Z,38.4087,-118.9123,7.2,0.5,ml,11,89.3,0.125,0.1233,nn,nn00574082,2017-01-15T19:06:55.066Z,"28km WSW of Hawthorne, Nevada",earthquake,,3.7,0.19,2,reviewed,nn,nn
2017-01-15T07:46:32.380Z,38.8106651,-122.7935028,2.55,1.7,md,26,43,0.003038,0.03,nc,nc72752415,2017-01-15T08:02:02.373Z,"4km NW of The Geysers, California",earthquake,0.26,0.37,0.14,9,automatic,nc,nc
2017-01-15T07:45:44.450Z,38.8113327,-122.8106689,1.87,0.55,md,9,116,0.01205,0.02,nc,nc72752420,2017-01-15T07:47:22.816Z,"6km NW of The Geysers, California",earthquake,0.42,0.56,0.02,3,automatic,nc,nc
2017-01-15T07:44:03.010Z,-2.0157,128.4782,40.85,4.3,mb,,75,2.983,0.87,us,us10007tcr,2017-01-15T08:12:49.040Z,"92km N of Taniwel, Indonesia",earthquake,7.5,8.1,0.103,27,reviewed,us,us
2017-01-15T07:28:32.053Z,38.3829,-118.9138,6.7,1,ml,12,83.44,0.138,0.1335,nn,nn00574081,2017-01-15T16:53:13.751Z,"29km WSW of Hawthorne, Nevada",earthquake,,3.4,0.14,4,reviewed,nn,nn
2017-01-15T07:19:14.421Z,38.3449,-118.9112,6.6,1.3,ml,15,113,0.16,0.1308,nn,nn00574158,2017-01-15T22:09:27.129Z,"29km ENE of Bridgeport, California",earthquake,,3.2,0.16,2,reviewed,nn,nn
2017-01-15T07:18:50.526Z,63.4718,-151.3487,0,1.7,ml,,,,0.61,ak,ak15075036,2017-01-15T07:26:53.339Z,"120km W of Cantwell, Alaska",earthquake,,0.3,,,automatic,ak,ak
2017-01-15T07:18:20.860Z,38.6949,-119.5359,5.1,1.7,ml,12,68.5,0.371,0.148,nn,nn00574080,2017-01-15T16:43:49.180Z,"19km WSW of Smith Valley, Nevada",earthquake,,2.8,0.18,8,reviewed,nn,nn
2017-01-15T07:15:53.827Z,38.3863,-118.8885,11.8,0.8,ml,12,88.59,0.12,0.1041,nn,nn00574079,2017-01-15T16:37:25.711Z,"27km WSW of Hawthorne, Nevada",earthquake,,3.7,0.5,5,reviewed,nn,nn
2017-01-15T07:07:56.895Z,63.4538,-152.3645,12.8,2,ml,,,,0.72,ak,ak15075034,2017-01-15T07:17:09.118Z,"170km NW of Talkeetna, Alaska",earthquake,,0.3,,,automatic,ak,ak
2017-01-15T07:02:38.260Z,38.8188324,-122.791832,1.16,0.55,md,7,94,0.01033,0.01,nc,nc72752410,2017-01-15T07:04:17.211Z,"5km W of Cobb, California",earthquake,0.4,0.89,,1,automatic,nc,nc
2017-01-15T06:51:53.010Z,32.7336667,-115.4351667,2.85,1.29,ml,15,163,0.1279,0.14,ci,ci37568631,2017-01-15T06:55:30.913Z,"8km NE of Calexico, CA",earthquake,0.39,0.69,0.132,12,automatic,ci,ci
2017-01-15T06:43:35.000Z,38.8351669,-122.7730026,1.64,0.98,md,14,99,0.005274,0.02,nc,nc72752405,2017-01-15T06:45:12.253Z,"4km WNW of Cobb, California",earthquake,0.27,0.33,0.14,4,automatic,nc,nc
2017-01-15T06:37:41.190Z,38.8279991,-122.7976685,1.83,0.83,md,12,71,0.01073,0.02,nc,nc72752400,2017-01-15T06:39:24.271Z,"6km W of Cobb, California",earthquake,0.43,0.47,0.17,3,automatic,nc,nc
2017-01-15T06:30:19.620Z,32.6295,-115.7598333,6.82,1.27,ml,16,129,0.03446,0.19,ci,ci37568623,2017-01-15T06:33:52.261Z,"17km WNW of Progreso, B.C., MX",earthquake,0.57,1.01,0.168,18,automatic,ci,ci
2017-01-15T06:23:13.806Z,38.3777,-118.9054,12.9,0.7,ml,8,174.19,0.329,0.1905,nn,nn00574078,2017-01-15T16:31:07.340Z,"29km WSW of Hawthorne, Nevada",earthquake,,12.5,0.18,4,reviewed,nn,nn
2017-01-15T06:20:49.078Z,38.3521,-118.9204,8,1.3,ml,10,95.95,0.309,0.1282,nn,nn00574076,2017-01-15T06:29:10.860Z,"29km ENE of Bridgeport, California",earthquake,,6.9,0.2,4,reviewed,nn,nn
2017-01-15T05:54:42.448Z,36.7127,-116.072,1.4,0.3,ml,17,92.97,0.027,0.1369,nn,nn00574073,2017-01-15T21:54:02.512Z,"56km N of Pahrump, Nevada",earthquake,,2.6,0.35,10,reviewed,nn,nn
2017-01-15T05:24:52.700Z,18.1273,-67.0935,19,2.6,Md,7,169.2,0.04850903,0.46,pr,pr17015002,2017-01-15T07:46:40.842Z,"3km ESE of Hormigueros, Puerto Rico",earthquake,3.1,2.2,0,7,reviewed,pr,pr
2017-01-15T05:22:36.700Z,17.8855,-66.2575,16,2.2,Md,3,237.6,0.16349338,0.18,pr,pr17015001,2017-01-15T07:45:44.698Z,"8km SSW of Central Aguirre, Puerto Rico",earthquake,2.9,2.2,0,3,reviewed,pr,pr
2017-01-15T05:21:01.691Z,63.5234,-147.3394,8,1.7,ml,,,,0.52,ak,ak15074705,2017-01-15T05:31:45.054Z,"81km E of Cantwell, Alaska",earthquake,,0.3,,,automatic,ak,ak
2017-01-15T05:19:46.930Z,36.4546,-98.7427,5,3.2,mb_lg,,69,0.221,0.39,us,us10007tca,2017-01-16T15:44:41.372Z,"31km NW of Fairview, Oklahoma",earthquake,2.2,2,0.055,87,reviewed,us,us
2017-01-15T05:07:54.700Z,19.2548332,-155.3051605,36.71,2.58,ml,28,212,0.04126,0.29,hv,hv61563126,2017-01-15T05:13:36.060Z,"19km ENE of Pahala, Hawaii",earthquake,1.47,1.96,0.26,7,automatic,hv,hv
2017-01-15T05:02:55.742Z,38.3953,-118.8789,12.9,0.6,ml,6,218.51,0.327,0.1151,nn,nn00574156,2017-01-15T21:44:33.679Z,"26km WSW of Hawthorne, Nevada",earthquake,,13.2,0.16,3,reviewed,nn,nn
2017-01-15T04:55:47.490Z,44.5921667,-114.0995,5,1.49,ml,7,143,0.214,0.17,mb,mb80196799,2017-01-15T18:35:55.910Z,"14km NE of Challis, Idaho",earthquake,0.97,31.61,0.264,5,reviewed,mb,mb
2017-01-15T04:55:45.011Z,60.9805,-152.9048,6.6,1.6,ml,,,,0.49,ak,ak15074699,2017-01-15T05:10:15.736Z,"55km N of Redoubt Volcano, Alaska",earthquake,,0.3,,,automatic,ak,ak
2017-01-15T04:52:53.524Z,38.4059,-118.9539,12.7,1,ml,11,93.93,0.369,0.0962,nn,nn00574064,2017-01-15T16:18:24.917Z,"29km NE of Bridgeport, California",earthquake,,8.5,0.24,3,reviewed,nn,nn
2017-01-15T04:48:45.618Z,38.424,-118.9009,6.3,1.3,ml,14,74.42,0.111,0.1308,nn,nn00574063,2017-01-15T16:09:05.510Z,"26km WSW of Hawthorne, Nevada",earthquake,,2.9,0.24,6,reviewed,nn,nn
2017-01-15T04:48:11.125Z,38.4127,-118.9092,11.7,1.2,ml,13,74.65,0.121,0.1728,nn,nn00574062,2017-01-15T15:59:49.249Z,"27km WSW of Hawthorne, Nevada",earthquake,,2.5,0.24,6,reviewed,nn,nn
2017-01-15T04:36:35.410Z,40.2766,140.0305,173.69,4.4,mb,,109,0.94,0.65,us,us10007tc6,2017-01-15T04:54:51.040Z,"8km N of Noshiro, Japan",earthquake,8.3,8.8,0.099,29,reviewed,us,us
2017-01-15T04:33:54.153Z,61.3645,-150.8967,57.6,2.2,ml,,,,0.54,ak,ak15074694,2017-01-15T04:43:04.025Z,"53km WSW of Big Lake, Alaska",earthquake,,0.4,,,automatic,ak,ak
2017-01-15T04:11:32.830Z,48.155,-122.7516667,23.44,1.82,ml,17,95,0.1559,0.12,uw,uw61228702,2017-01-15T04:48:42.110Z,"4km N of Port Townsend, Washington",earthquake,0.34,0.87,0.041,9,reviewed,uw,uw
2017-01-15T04:09:25.400Z,38.8008347,-122.7714996,1.34,1.08,md,15,68,0.01433,0.02,nc,nc72752390,2017-01-15T04:11:06.587Z,"2km NNW of The Geysers, California",earthquake,0.25,0.51,0.2,5,automatic,nc,nc
2017-01-15T04:04:58.990Z,32.629,-115.7816667,8.96,1.17,ml,12,185,0.05086,0.14,ci,ci37568583,2017-01-15T04:08:35.860Z,"19km WNW of Progreso, B.C., MX",earthquake,0.53,0.64,0.174,10,automatic,ci,ci
2017-01-15T04:03:21.900Z,39.6147,26.1595,10,4.3,mb,,67,1.282,1.12,us,us10007tc3,2017-01-15T04:27:55.581Z,"20km NW of Behram, Turkey",earthquake,4.5,1.7,0.201,10,reviewed,us,us
2017-01-15T04:02:19.590Z,48.1665,-122.5305,21.1,1.17,ml,11,106,0.1407,0.14,uw,uw61228697,2017-01-15T18:16:05.280Z,"0km SSW of Camano, Washington",earthquake,0.54,1.41,0.234,9,reviewed,uw,uw
2017-01-15T03:49:58.358Z,38.3575,-118.9043,10.2,0.6,ml,7,175.76,0.31,0.1011,nn,nn00574155,2017-01-15T21:32:17.491Z,"30km SW of Hawthorne, Nevada",earthquake,,14.7,0.04,2,reviewed,nn,nn
2017-01-15T03:46:22.878Z,38.3586,-118.9165,6.9,1.4,ml,13,74.05,0.154,0.1532,nn,nn00574058,2017-01-15T15:50:31.717Z,"29km ENE of Bridgeport, California",earthquake,,3.3,0.31,5,reviewed,nn,nn
2017-01-15T03:45:25.970Z,38.3567,-118.9102,8.9,0.6,ml,8,177,0.311,0.095,nn,nn00574154,2017-01-15T21:29:12.112Z,"30km ENE of Bridgeport, California",earthquake,,9,0.3,3,reviewed,nn,nn
2017-01-15T03:43:00.629Z,63.6536,-148.1426,85,1.9,ml,,,,0.38,ak,ak15074371,2017-01-15T03:56:54.792Z,"46km ESE of Healy, Alaska",earthquake,,0.7,,,automatic,ak,ak
2017-01-15T03:37:36.400Z,17.9109,-65.8872,10,2.5,Md,9,219.6,0.21559567,0.23,pr,pr17015000,2017-01-15T07:44:03.348Z,"9km S of Emajagua, Puerto Rico",earthquake,0.7,0.7,0,9,reviewed,pr,pr
2017-01-15T03:37:19.930Z,35.1071,23.156,10,4.3,mb,,114,2.294,1.07,us,us10007tbx,2017-01-15T03:56:30.040Z,"50km WSW of Palaiochora, Greece",earthquake,4.4,1.9,0.092,34,reviewed,us,us
2017-01-15T03:36:39.222Z,38.375,-118.8895,1.8,0.8,ml,8,171.32,0.127,0.1323,nn,nn00574057,2017-01-15T15:41:12.967Z,"28km SW of Hawthorne, Nevada",earthquake,,3.8,0.08,2,reviewed,nn,nn
2017-01-15T03:32:36.280Z,38.8436661,-122.8255005,1.94,0.43,md,7,138,0.009302,0.02,nc,nc72752375,2017-01-15T03:34:16.499Z,"9km WNW of Cobb, California",earthquake,0.97,1.48,0.15,2,automatic,nc,nc
2017-01-15T03:30:41.080Z,38.7854996,-122.7275009,2,0.97,md,9,78,0.007555,0.02,nc,nc72752370,2017-01-15T03:32:21.107Z,"2km ENE of The Geysers, California",earthquake,0.34,0.85,0.06,4,automatic,nc,nc
2017-01-15T03:20:32.920Z,48.2981667,-121.8758333,6.82,1.12,ml,7,114,0.1085,0.06,uw,uw61228692,2017-01-15T18:11:23.090Z,"17km NE of Arlington Heights, Washington",earthquake,0.29,0.9,0.227,4,reviewed,uw,uw
2017-01-15T03:19:06.230Z,38.8318329,-122.7925034,1.67,1.21,md,18,53,0.00678,0.02,nc,nc72752365,2017-01-15T03:35:02.780Z,"6km W of Cobb, California",earthquake,0.25,0.34,0.12,7,automatic,nc,nc
2017-01-15T02:46:29.797Z,37.2923,-118.3267,11.1,1.2,ml,10,137.82,0.079,0.1307,nn,nn00574054,2017-01-15T15:35:01.049Z,"9km SE of Bishop, California",earthquake,,1.5,0.41,5,reviewed,nn,nn
2017-01-15T02:39:39.450Z,36.9236679,-121.4638367,6.18,1.34,md,11,85,0.07118,0.1,nc,nc72752345,2017-01-15T02:55:02.707Z,"9km NW of Hollister, California",earthquake,0.43,2.03,0.2,9,automatic,nc,nc
2017-01-15T02:32:08.374Z,38.3609,-118.9164,6.5,1.2,ml,14,74.09,0.153,0.1193,nn,nn00574053,2017-01-15T15:16:30.708Z,"29km ENE of Bridgeport, California",earthquake,,3.2,0.24,4,reviewed,nn,nn
2017-01-15T02:24:11.853Z,38.403,-118.8889,11.8,0.4,ml,8,168.97,0.337,0.0906,nn,nn00574052,2017-01-15T18:54:29.290Z,"26km WSW of Hawthorne, Nevada",earthquake,,4.7,0,1,reviewed,nn,nn
2017-01-15T02:23:36.573Z,63.0296,-150.9357,115.7,1.9,ml,,,,0.24,ak,ak15074367,2017-01-15T02:33:40.736Z,"89km NNW of Talkeetna, Alaska",earthquake,,1.1,,,automatic,ak,ak
2017-01-15T02:09:52.620Z,47.1081667,-113.3318333,10.58,1.57,md,21,131,0.173,0.16,mb,mb80196794,2017-01-15T18:29:14.130Z,"14km SE of Seeley Lake, Montana",earthquake,0.39,0.82,0.125,22,reviewed,mb,mb
2017-01-15T02:03:11.870Z,60.7222,-151.0542,33.8,1.7,ml,,,,0.29,ak,ak15074365,2017-01-15T02:12:11.429Z,"13km ENE of Nikiski, Alaska",earthquake,,0.4,,,automatic,ak,ak
2017-01-15T02:00:47.830Z,33.7853333,-115.9935,3.62,2.01,ml,48,83,0.1299,0.23,ci,ci37568535,2017-01-15T02:04:25.229Z,"20km NE of Coachella, CA",earthquake,0.36,1.1,0.152,26,automatic,ci,ci
2017-01-15T01:51:06.117Z,61.95,-149.7527,18.5,1.1,ml,,,,0.34,ak,ak15074363,2017-01-15T03:27:12.031Z,"24km SSE of Y, Alaska",earthquake,,1.1,,,reviewed,ak,ak
2017-01-15T01:38:55.714Z,38.3686,-118.5883,6.2,0.6,ml,8,114.29,0.135,0.1118,nn,nn00574050,2017-01-15T15:07:10.653Z,"17km S of Hawthorne, Nevada",earthquake,,5.3,0.5,3,reviewed,nn,nn
2017-01-15T01:37:41.330Z,33.2691667,-116.4713333,27.96,1.23,ml,13,89,0.1975,0.22,ci,ci37568527,2017-01-15T01:41:30.268Z,"9km W of Borrego Springs, CA",earthquake,0.87,1.49,0.163,25,automatic,ci,ci
2017-01-15T01:37:12.072Z,38.3921,-118.9112,7.3,1.3,ml,11,90.71,0.132,0.1745,nn,nn00574048,2017-01-15T03:46:17.030Z,"29km WSW of Hawthorne, Nevada",earthquake,,5.2,0.14,8,reviewed,nn,nn
2017-01-15T01:30:29.852Z,38.3871,-118.9158,7,1.5,ml,14,116.03,0.137,0.1332,nn,nn00574046,2017-01-15T18:48:16.405Z,"29km WSW of Hawthorne, Nevada",earthquake,,4.3,0.33,5,reviewed,nn,nn
2017-01-15T01:11:44.018Z,38.41,-118.9238,12.6,0.8,ml,9,90.4,0.365,0.0926,nn,nn00574045,2017-01-15T18:29:36.406Z,"29km WSW of Hawthorne, Nevada",earthquake,,8.8,0.1,2,reviewed,nn,nn
2017-01-15T01:04:25.140Z,38.7615013,-122.7405014,3.32,0.66,md,8,117,0.009313,0.03,nc,nc72752315,2017-01-15T01:06:12.759Z,"2km SE of The Geysers, California",earthquake,0.57,1.12,0.2,3,automatic,nc,nc
2017-01-15T00:50:31.707Z,38.427,-118.9,6.7,1.6,ml,14,82.75,0.11,0.1604,nn,nn00574152,2017-01-15T21:04:39.118Z,"26km WSW of Hawthorne, Nevada",earthquake,,3.1,0.35,6,reviewed,nn,nn
2017-01-15T00:50:13.699Z,38.427,-118.9045,6.1,1.4,ml,12,83.11,0.113,0.1393,nn,nn00574042,2017-01-15T15:04:02.869Z,"26km WSW of Hawthorne, Nevada",earthquake,,3,0.34,5,reviewed,nn,nn
2017-01-15T00:48:15.267Z,38.4091,-118.911,9.8,0.6,ml,9,172.6,0.124,0.1313,nn,nn00574149,2017-01-15T20:55:16.166Z,"28km WSW of Hawthorne, Nevada",earthquake,,3.2,0.26,3,reviewed,nn,nn
2017-01-15T00:46:05.508Z,38.4376,-118.8995,6.9,0.8,ml,9,168.26,0.107,0.1064,nn,nn00574144,2017-01-15T20:46:03.753Z,"25km WSW of Hawthorne, Nevada",earthquake,,4.4,0.19,3,reviewed,nn,nn
2017-01-15T00:44:14.183Z,38.4397,-118.8849,6.8,1.1,ml,10,165.48,0.095,0.1784,nn,nn00574041,2017-01-15T14:57:48.576Z,"24km WSW of Hawthorne, Nevada",earthquake,,2.9,0.18,4,reviewed,nn,nn
2017-01-15T00:29:32.096Z,37.1547,-117.3677,11.6,0.2,ml,12,152.64,0.235,0.1445,nn,nn00574142,2017-01-15T20:36:51.039Z,"60km WNW of Beatty, Nevada",earthquake,,3.2,0.27,6,reviewed,nn,nn
2017-01-15T00:28:47.600Z,38.8406677,-122.8284988,1.79,1.12,md,16,55,0.005839,0.01,nc,nc72752305,2017-01-15T00:44:03.502Z,"9km WNW of Cobb, California",earthquake,0.26,0.53,0.02,4,automatic,nc,nc
2017-01-15T00:22:33.626Z,38.4095,-118.928,7.4,0.9,ml,9,90.91,0.365,0.1673,nn,nn00574037,2017-01-15T05:52:09.556Z,"29km WSW of Hawthorne, Nevada",earthquake,,3.2,0.45,5,reviewed,nn,nn
2017-01-15T00:15:14.204Z,38.3671,-118.5981,6.6,1.1,ml,15,113.59,0.137,0.159,nn,nn00574034,2017-01-15T03:36:46.029Z,"17km S of Hawthorne, Nevada",earthquake,,2.1,0.31,6,reviewed,nn,nn
2017-01-15T00:14:10.866Z,64.9975,-147.2434,0,1.7,ml,,,,0.66,ak,ak15074043,2017-01-15T00:31:11.463Z,"25km NNE of Badger, Alaska",earthquake,,0.4,,,automatic,ak,ak
2017-01-14T23:57:04.830Z,38.8451653,-122.8290024,1.18,0.18,md,7,120,0.008293,0.01,nc,nc72752295,2017-01-14T23:58:46.581Z,"9km WNW of Cobb, California",earthquake,0.43,0.98,0.1,2,automatic,nc,nc
2017-01-14T23:30:03.719Z,61.9906,-150.8248,4.6,1.7,ml,,,,0.26,ak,ak15074032,2017-01-14T23:36:00.449Z,"49km WNW of Willow, Alaska",earthquake,,0.4,,,automatic,ak,ak
2017-01-14T23:13:48.610Z,33.298,-116.8235,12.7,0.69,ml,17,99,0.06442,0.27,ci,ci37568487,2017-01-14T23:17:12.024Z,"7km SSE of Palomar Observatory, CA",earthquake,0.61,1.1,0.111,17,automatic,ci,ci
2017-01-14T23:10:10.250Z,-5.7011,146.8238,146.41,5.1,mb,,40,3.673,1.16,us,us10007tbj,2017-01-14T23:25:56.040Z,"114km N of Lae, Papua New Guinea",earthquake,8.6,8.2,0.093,37,reviewed,us,us
2017-01-14T23:06:23.120Z,38.6956,-118.4585,8.8,0.7,ml,8,99.71,0.084,0.0965,nn,nn00574026,2017-01-15T00:47:31.483Z,"23km NE of Hawthorne, Nevada",earthquake,,2.5,0.14,3,reviewed,nn,nn
2017-01-14T22:44:02.100Z,37.8366661,-122.1506653,12.73,1.01,md,8,154,0.04524,0.07,nc,nc72752285,2017-01-14T22:45:40.211Z,"1km W of Moraga, California",earthquake,1.6,1.76,0.08,5,automatic,nc,nc
2017-01-14T22:38:59.850Z,39.5671,26.131,4.26,4.4,mwr,,48,1.328,0.79,us,us10007tbf,2017-01-15T09:44:02.005Z,"19km WNW of Behram, Turkey",earthquake,5,2.8,0.069,20,reviewed,us,us
2017-01-14T22:22:26.050Z,33.3081667,-116.4,5.04,1.32,ml,43,48,0.04237,0.19,ci,ci37568463,2017-01-14T22:26:12.296Z,"6km NNW of Borrego Springs, CA",earthquake,0.29,0.7,0.219,25,automatic,ci,ci
2017-01-14T22:20:23.370Z,38.8431664,-122.8293304,2.29,0.71,md,9,83,0.006634,0.01,nc,nc72752280,2017-01-14T22:22:05.162Z,"9km WNW of Cobb, California",earthquake,0.34,1.42,0.09,2,automatic,nc,nc
2017-01-14T22:19:26.910Z,38.8413315,-122.8306656,2.32,2.31,md,39,36,0.004656,0.06,nc,nc72752275,2017-01-14T22:24:02.151Z,"9km WNW of Cobb, California",earthquake,0.2,0.28,0.21,20,automatic,nc,nc
2017-01-14T22:00:11.600Z,-19.8934,-173.1227,35,4.8,mb,,90,3.122,0.85,us,us10007tba,2017-01-14T22:35:45.040Z,"128km E of Pangai, Tonga",earthquake,5.9,2,0.1,31,reviewed,us,us
2017-01-14T21:58:10.270Z,34.2616667,-117.5316667,8.92,1.29,ml,33,43,0.05437,0.21,ci,ci37568455,2017-01-14T22:01:49.869Z,"3km W of Lytle Creek, CA",earthquake,0.29,0.59,0.195,27,automatic,ci,ci
2017-01-14T21:56:56.190Z,38.8028336,-122.8318329,1,0.66,md,8,184,0.006373,0.02,nc,nc72752270,2017-01-14T21:58:34.830Z,"7km WNW of The Geysers, California",earthquake,0.75,0.43,0.28,2,automatic,nc,nc
2017-01-14T21:49:20.676Z,59.7552,-152.3446,53.2,2.1,ml,,,,0.3,ak,ak15073410,2017-01-14T21:57:38.423Z,"28km W of Anchor Point, Alaska",earthquake,,3.1,,,automatic,ak,ak
2017-01-14T21:39:54.434Z,38.3582,-118.9137,7.5,1.1,ml,14,73.92,0.153,0.1108,nn,nn00574016,2017-01-14T21:54:09.099Z,"30km ENE of Bridgeport, California",earthquake,,4.1,0.33,3,reviewed,nn,nn
2017-01-14T21:36:33.990Z,36.2646,-97.3341,2.72,3,mb_lg,,34,0.312,0.25,us,us10007tb6,2017-01-15T11:47:32.359Z,"4km SW of Perry, Oklahoma",earthquake,1.3,4.1,0.18,8,reviewed,us,us
2017-01-14T21:33:39.000Z,38.8354988,-122.8276672,1.69,0.43,md,9,93,0.006842,0.01,nc,nc72752255,2017-01-14T21:35:20.270Z,"8km NW of The Geysers, California",earthquake,0.33,0.63,0.14,2,automatic,nc,nc
2017-01-14T21:19:31.900Z,-18.4494,176.3176,27.06,4.5,mb,,115,1.793,0.62,us,us10007tb5,2017-01-14T22:11:59.040Z,"136km WSW of Nadi, Fiji",earthquake,9.2,6.9,0.156,12,reviewed,us,us
2017-01-14T21:04:23.750Z,-17.6643,-178.7719,530.92,4.3,mb,,78,3.027,0.91,us,us10007tb4,2017-01-14T22:23:30.040Z,"240km SE of Lambasa, Fiji",earthquake,13.6,7.8,0.055,94,reviewed,us,us
2017-01-14T21:03:24.939Z,59.9625,-152.3069,104,2.6,ml,,,,0.41,ak,ak15073406,2017-01-14T21:11:22.502Z,"33km NW of Anchor Point, Alaska",earthquake,,1.3,,,automatic,ak,ak
2017-01-14T21:01:34.480Z,38.7636681,-122.8176651,2.95,1.74,md,10,171,0.05821,0.28,nc,nc72752250,2017-01-14T21:16:02.999Z,"5km WSW of The Geysers, California",earthquake,1.26,6.05,0.1,4,automatic,nc,nc
2017-01-14T20:48:01.950Z,36.0425,-117.8086667,0.59,1.64,ml,23,63,0.03919,0.2,ci,ci37568415,2017-01-14T20:51:44.044Z,"13km E of Coso Junction, CA",earthquake,0.28,0.43,0.122,26,automatic,ci,ci
2017-01-14T20:41:30.800Z,33.8831667,-116.6015,31.32,1.45,ml,8,160,0.2557,0.3,ci,ci37568407,2017-01-14T20:45:11.224Z,"6km WSW of Garnet, CA",earthquake,2.67,9.04,0.452,19,automatic,ci,ci
2017-01-14T20:31:56.600Z,35.7778333,-117.6665,10.17,0.54,ml,12,81,0.06765,0.19,ci,ci37568399,2017-01-14T20:35:22.309Z,"18km N of Ridgecrest, CA",earthquake,0.53,0.85,0.142,8,automatic,ci,ci
2017-01-14T20:22:22.415Z,38.4309,-118.8973,5.8,1.5,ml,13,99.43,0.107,0.1779,nn,nn00574003,2017-01-14T21:38:45.277Z,"25km WSW of Hawthorne, Nevada",earthquake,,4.2,0.29,6,reviewed,nn,nn
2017-01-14T20:14:44.530Z,19.2243328,-155.6074982,0.4,2.3,ml,54,85,0.02278,0.26,hv,hv61562396,2017-01-14T20:20:26.660Z,"13km W of Pahala, Hawaii",earthquake,0.48,0.18,0.21,5,automatic,hv,hv
2017-01-14T20:13:07.990Z,38.841835,-122.8271637,1.23,0.18,md,6,119,0.007263,0.01,nc,nc72752245,2017-01-14T20:14:47.029Z,"9km WNW of Cobb, California",earthquake,0.38,1.11,0.1,2,automatic,nc,nc
2017-01-14T20:12:48.420Z,62.2611,-151.6166,111.1,1.9,ml,,,,0.79,ak,ak15073099,2017-01-14T20:22:36.170Z,"78km W of Talkeetna, Alaska",earthquake,,1,,,automatic,ak,ak
2017-01-14T19:49:07.150Z,34.0786667,-117.9511667,12.83,1.85,ml,6,135,0.2078,0.31,ci,ci37568367,2017-01-14T19:52:50.525Z,"1km SE of Baldwin Park, CA",earthquake,1.74,9.9,0.237,17,automatic,ci,ci
2017-01-14T19:48:32.220Z,33.4875,-116.4385,12.43,0.74,ml,29,120,0.03737,0.23,ci,ci37568359,2017-01-14T19:52:04.084Z,"23km SSW of La Quinta, CA",earthquake,0.5,0.73,0.257,12,automatic,ci,ci
2017-01-14T19:35:36.892Z,38.4123,-118.9048,4,0.9,ml,8,218.49,0.118,0.0849,nn,nn00573996,2017-01-14T22:31:12.812Z,"27km WSW of Hawthorne, Nevada",earthquake,,11.6,0.22,3,reviewed,nn,nn
2017-01-14T19:30:12.609Z,38.5215,-114.3393,11.8,2.1,ml,12,47.77,0.379,0.247,nn,nn00573994,2017-01-14T19:50:04.011Z,"57km SSW of Baker, Nevada",earthquake,,2.3,0.45,6,reviewed,nn,nn
2017-01-14T19:29:20.740Z,48.3008333,-121.8775,6.15,1.18,ml,8,113,0.1107,0.08,uw,uw61228662,2017-01-15T18:08:47.410Z,"17km NE of Arlington Heights, Washington",earthquake,0.39,1.35,0.094,4,reviewed,uw,uw
2017-01-14T19:20:58.790Z,47.8083333,-122.7611667,19.2,1.21,ml,12,90,0.101,0.07,uw,uw61228657,2017-01-14T20:08:13.760Z,"7km W of Lofall, Washington",earthquake,0.59,0.37,0.208,7,reviewed,uw,uw
2017-01-14T19:19:37.140Z,33.6105,-116.6268333,13.95,0.5,ml,21,69,0.02851,0.14,ci,ci37568343,2017-01-14T19:23:23.403Z,"8km NE of Anza, CA",earthquake,0.36,0.48,0.12,11,automatic,ci,ci
2017-01-14T19:12:16.529Z,38.3902,-118.896,8.2,1,ml,10,110.73,0.122,0.1027,nn,nn00573993,2017-01-14T22:21:56.606Z,"27km WSW of Hawthorne, Nevada",earthquake,,3.3,0.2,4,reviewed,nn,nn
2017-01-14T19:11:26.380Z,38.8366661,-122.8280029,2.14,0.9,md,14,48,0.006152,0.01,nc,nc72752240,2017-01-14T19:13:08.632Z,"9km W of Cobb, California",earthquake,0.24,0.7,0.14,4,automatic,nc,nc
2017-01-14T19:05:40.735Z,60.9627,-146.7993,14.6,1.8,ml,,,,0.99,ak,ak15073094,2017-01-14T19:17:38.044Z,"30km SW of Valdez, Alaska",earthquake,,0.3,,,automatic,ak,ak
2017-01-14T18:53:27.130Z,-19.6915,-71.0443,31.21,4.1,mb,,144,0.873,0.67,us,us10007tax,2017-01-14T19:47:17.040Z,"111km WNW of Iquique, Chile",earthquake,4.3,8.6,0.261,4,reviewed,us,us
2017-01-14T18:51:40.540Z,38.8209991,-122.7645035,1.68,0.92,md,12,83,0.01036,0.03,nc,nc72752225,2017-01-14T18:53:22.814Z,"3km W of Cobb, California",earthquake,0.33,0.49,0.07,4,automatic,nc,nc
2017-01-14T18:43:32.520Z,-10.9493,161.4587,34.44,5.2,mb,,55,2.113,0.95,us,us10007tau,2017-01-14T19:05:53.040Z,"74km SW of Kirakira, Solomon Islands",earthquake,9,5.6,0.073,61,reviewed,us,us
2017-01-14T18:25:44.010Z,-18.6661,176.0729,10,5.5,mb,,39,2.093,0.92,us,us10007tas,2017-01-14T20:31:14.814Z,"171km SW of Nadi, Fiji",earthquake,7.1,1.8,0.034,305,reviewed,us,us
2017-01-14T16:59:28.870Z,33.2465,-116.6658333,7.63,0.93,ml,24,76,0.04972,0.24,ci,ci37568175,2017-01-14T17:03:08.227Z,"5km SW of Warner Springs, CA",earthquake,0.43,0.91,0.127,26,automatic,ci,ci
2017-01-14T16:41:20.014Z,61.2083,-152.2063,117.2,2.3,ml,,,,0.83,ak,ak15072192,2017-01-14T16:51:26.131Z,"76km NW of Nikiski, Alaska",earthquake,,0.7,,,automatic,ak,ak
2017-01-14T16:27:06.500Z,38.8216667,-122.8436661,7.22,0.71,md,8,137,0.0069,0.14,nc,nc72752170,2017-01-14T16:28:44.904Z,"9km WNW of The Geysers, California",earthquake,1.11,2.03,0.09,2,automatic,nc,nc
2017-01-14T16:25:16.900Z,35.609,-118.0368333,9.58,0.82,ml,10,133,0.1111,0.21,ci,ci37568167,2017-01-14T16:28:57.448Z,"21km WSW of Inyokern, CA",earthquake,0.74,1.78,0.134,10,automatic,ci,ci
2017-01-14T16:13:45.389Z,65.1261,-145.9945,11.2,1.6,ml,,,,0.52,ak,ak15072190,2017-01-14T16:22:41.230Z,"71km NE of Eielson Air Force Base, Alaska",earthquake,,0.4,,,automatic,ak,ak
2017-01-14T15:54:33.860Z,19.2791672,-155.4041595,34.01,2.23,ml,20,103,0.04192,0.16,hv,hv61562146,2017-01-14T16:00:17.340Z,"11km NE of Pahala, Hawaii",earthquake,1.15,0.94,0.58,3,automatic,hv,hv
2017-01-14T15:53:22.612Z,38.4775,-118.3566,3.7,-0.1,ml,4,198.09,0.045,0.08,nn,nn00573972,2017-01-14T22:09:35.522Z,"23km ESE of Hawthorne, Nevada",earthquake,,13.6,0.2,2,reviewed,nn,nn
2017-01-14T15:52:33.480Z,37.965332,-122.0291672,15.95,1.6,md,14,109,0.06235,0.05,nc,nc72752165,2017-01-14T16:08:21.269Z,"1km S of Concord, California",earthquake,0.42,1.23,0.11,12,automatic,nc,nc
2017-01-14T15:50:39.461Z,38.3618,-118.9003,11.9,1.1,ml,9,157.24,0.33,0.1604,nn,nn00573971,2017-01-14T22:06:29.561Z,"30km SW of Hawthorne, Nevada",earthquake,,5.5,0.15,3,reviewed,nn,nn
2017-01-14T15:34:57.671Z,62.6885,-151.367,96.8,1.6,ml,,,,0.54,ak,ak15072187,2017-01-14T15:44:28.676Z,"76km WNW of Talkeetna, Alaska",earthquake,,1.5,,,automatic,ak,ak
2017-01-14T15:21:02.580Z,38.043,-119.0035,12.6,1.9,ml,13,78.95,0.408,0.1813,nn,nn00573964,2017-01-14T19:22:09.773Z,"30km SE of Bridgeport, California",earthquake,,8.1,0.38,7,reviewed,nn,nn
2017-01-14T15:19:39.170Z,33.4705,138.2513,281.21,4.5,mb,,55,1.205,0.89,us,us10007tad,2017-01-14T17:44:25.040Z,"125km S of Oyama, Japan",earthquake,8,7.2,0.074,53,reviewed,us,us
2017-01-14T15:16:52.399Z,61.895,-151.0243,65.8,2.3,ml,,,,0.48,ak,ak15072181,2017-01-14T15:32:58.622Z,"54km WNW of Willow, Alaska",earthquake,,0.7,,,automatic,ak,ak
2017-01-14T14:58:33.814Z,57.8918,-154.266,52.4,2.3,ml,,,,0.25,ak,ak15072179,2017-01-14T15:08:37.273Z,"42km NNW of Larsen Bay, Alaska",earthquake,,1.2,,,automatic,ak,ak
2017-01-14T14:48:44.400Z,17.2462,-67.5637,28,3.1,Md,9,320.4,0.87046751,0.23,pr,pr17014002,2017-01-14T16:36:00.600Z,"90km SSW of Pole Ojea, Puerto Rico",earthquake,2,14.8,0,5,reviewed,pr,pr
2017-01-14T14:42:10.371Z,38.3775,-118.9405,5.3,1.9,ml,17,76.36,0.159,0.171,nn,nn00573961,2017-01-14T19:09:39.130Z,"28km ENE of Bridgeport, California",earthquake,,3.6,0.11,7,reviewed,nn,nn
2017-01-14T14:37:37.490Z,33.5013333,-116.7915,5.51,0.79,ml,32,60,0.07831,0.16,ci,ci37568143,2017-01-14T14:41:20.919Z,"9km NE of Aguanga, CA",earthquake,0.19,0.94,0.146,27,automatic,ci,ci
2017-01-14T14:37:12.664Z,38.043,-118.948,17.9,1,ml,9,95.83,0.401,0.1145,nn,nn00573960,2017-01-14T21:26:19.200Z,"34km SE of Bridgeport, California",earthquake,,4.1,0.19,4,reviewed,nn,nn
2017-01-14T14:27:05.840Z,38.840332,-122.8300018,2.09,0.85,md,11,104,0.004624,0.02,nc,nc72752140,2017-01-14T14:28:51.651Z,"9km WNW of Cobb, California",earthquake,0.33,0.53,0.05,2,automatic,nc,nc
2017-01-14T14:23:30.525Z,67.0363,-160.4701,12.7,2.5,ml,,,,0.99,ak,ak15072177,2017-01-15T05:41:15.215Z,"94km E of Kotzebue, Alaska",earthquake,,3.8,,,reviewed,ak,ak
2017-01-14T14:23:25.980Z,38.7903328,-122.7643356,1.67,2.14,md,42,49,0.01865,0.04,nc,nc72752135,2017-01-14T14:28:03.030Z,"1km NNW of The Geysers, California",earthquake,0.15,0.25,0.17,22,automatic,nc,nc
2017-01-14T13:57:06.490Z,33.3531667,-116.4033333,12.79,0.66,ml,20,108,0.08553,0.16,ci,ci37568015,2017-01-14T14:00:37.114Z,"11km NNW of Borrego Springs, CA",earthquake,0.36,0.72,0.148,11,automatic,ci,ci
2017-01-14T13:16:12.738Z,38.8999,-118.1574,5.2,1.7,ml,11,74.78,0.155,0.1612,nn,nn00573958,2017-01-15T02:39:29.135Z,"20km W of Gabbs, Nevada",earthquake,,5.1,0.25,6,reviewed,nn,nn
2017-01-14T13:13:05.110Z,62.1814,-148.7934,45,1.8,ml,,,,0.17,ak,ak15071881,2017-01-14T13:23:29.209Z,"43km N of Sutton-Alpine, Alaska",earthquake,,1.2,,,automatic,ak,ak
2017-01-14T13:07:55.398Z,38.3891,-118.8906,9.5,1.5,ml,16,73.42,0.119,0.1606,nn,nn00573957,2017-01-15T02:39:26.562Z,"27km WSW of Hawthorne, Nevada",earthquake,,2.5,0.33,5,reviewed,nn,nn
2017-01-14T13:05:12.834Z,62.0816,-148.5184,25.5,2.5,ml,,,,0.66,ak,ak15071869,2017-01-14T13:18:45.011Z,"36km NNE of Sutton-Alpine, Alaska",earthquake,,0.4,,,automatic,ak,ak
2017-01-14T13:05:08.490Z,39.0476685,-122.4176636,5.11,1.03,md,5,206,0.1118,0,nc,nc72752120,2017-01-14T13:06:51.384Z,"20km ENE of Clearlake, California",earthquake,2.26,1.4,,1,automatic,nc,nc
2017-01-14T13:01:02.239Z,38.3953,-118.9041,7.1,1,ml,10,94.27,0.125,0.1299,nn,nn00573956,2017-01-15T02:39:24.348Z,"28km WSW of Hawthorne, Nevada",earthquake,,3.9,0.13,2,reviewed,nn,nn
2017-01-14T12:55:26.651Z,63.9036,-148.7927,109.8,2.9,ml,,,,0.56,ak,ak15071861,2017-01-14T13:13:30.243Z,"9km ENE of Healy, Alaska",earthquake,,0.4,,,automatic,ak,ak
2017-01-14T12:54:37.710Z,34.0158333,-116.6765,9.95,0.43,ml,14,116,0.03278,0.21,ci,ci37567999,2017-01-14T12:58:01.948Z,"10km WSW of Morongo Valley, CA",earthquake,0.55,0.77,0.066,5,automatic,ci,ci
2017-01-14T12:43:26.580Z,33.4985,-116.7866667,6.33,0.6,ml,26,39,0.07844,0.16,ci,ci37567991,2017-01-14T12:46:56.829Z,"10km NE of Aguanga, CA",earthquake,0.23,0.76,0.166,20,automatic,ci,ci
2017-01-14T12:39:20.200Z,33.4953333,-116.7866667,4.53,0.96,ml,37,59,0.08114,0.18,ci,ci37567983,2017-01-14T12:42:54.074Z,"9km NE of Aguanga, CA",earthquake,0.21,0.45,0.107,26,automatic,ci,ci
2017-01-14T12:30:07.760Z,46.279,-123.1845,20.61,1.11,ml,6,203,0.1983,0.09,uw,uw61228627,2017-01-14T19:00:07.920Z,"17km ENE of Cathlamet, Washington",earthquake,0.9,1.22,0.049,3,reviewed,uw,uw
2017-01-14T12:29:19.128Z,63.0607,-149.6416,65,1.9,ml,,,,0.55,ak,ak15071855,2017-01-14T12:38:29.912Z,"50km SW of Cantwell, Alaska",earthquake,,0.8,,,automatic,ak,ak
2017-01-14T12:28:05.635Z,59.7187,-153.1456,109.5,2.4,ml,,,,0.65,ak,ak15071852,2017-01-14T12:38:29.674Z,"74km W of Anchor Point, Alaska",earthquake,,0.6,,,automatic,ak,ak
2017-01-14T12:22:55.600Z,38.8424,-118.8965,11.1,1.1,ml,8,130.94,0.304,0.084,nn,nn00573953,2017-01-15T02:39:22.173Z,"28km SE of Yerington, Nevada",earthquake,,8,0.3,3,reviewed,nn,nn
2017-01-14T12:12:23.955Z,38.0455,-118.9958,13.6,0.9,ml,9,89.37,0.409,0.127,nn,nn00573952,2017-01-15T02:39:20.320Z,"31km SE of Bridgeport, California",earthquake,,3.8,0.21,3,reviewed,nn,nn
2017-01-14T11:53:34.200Z,18.361,-65.9124,38,2.1,Md,8,198,0.10330626,0.15,pr,pr17014001,2017-01-14T16:19:53.733Z,"1km SSW of Canovanas, Puerto Rico",earthquake,0.8,0.7,0,5,reviewed,pr,pr
2017-01-14T11:44:02.017Z,38.0558,-119.0155,1.1,1.1,ml,12,90.83,0.422,0.1483,nn,nn00573951,2017-01-15T02:39:18.578Z,"29km SE of Bridgeport, California",earthquake,,9.7,0.27,5,reviewed,nn,nn
2017-01-14T11:41:18.850Z,1.2256,126.39,22.82,5.6,mb,,37,1.075,0.87,us,us10007t9u,2017-01-14T17:15:34.040Z,"119km WNW of Kota Ternate, Indonesia",earthquake,4.4,4.9,0.057,109,reviewed,us,us
2017-01-14T11:34:46.020Z,34.1385,-117.4746667,14.44,1.54,ml,44,30,0.06668,0.18,ci,ci37567903,2017-01-14T11:45:44.880Z,"5km NNW of Fontana, CA",earthquake,0.24,0.46,0.225,25,automatic,ci,ci
2017-01-14T11:33:41.680Z,67.0043,-146.7774,11.7,1.5,ml,,,,0.67,ak,ak15071836,2017-01-14T11:47:56.764Z,"82km NW of Fort Yukon, Alaska",earthquake,,0.5,,,automatic,ak,ak
2017-01-14T11:27:03.536Z,62.8856,-151.2123,117.4,1.9,ml,,,,0.54,ak,ak15071832,2017-01-14T11:43:12.674Z,"84km NW of Talkeetna, Alaska",earthquake,,0.7,,,automatic,ak,ak
2017-01-14T11:24:14.306Z,62.2952,-148.9613,30.2,1.8,ml,,,,0.52,ak,ak15071830,2017-01-14T11:33:13.796Z,"48km ENE of Y, Alaska",earthquake,,0.3,,,automatic,ak,ak
2017-01-14T11:01:27.361Z,38.3949,-118.8823,11.4,1.1,ml,11,87.11,0.111,0.1473,nn,nn00573950,2017-01-15T02:39:16.583Z,"26km WSW of Hawthorne, Nevada",earthquake,,2.5,0.27,3,reviewed,nn,nn
2017-01-14T10:56:51.840Z,38.8373337,-122.8303299,1.7,0.9,md,13,80,0.004218,0.04,nc,nc72752090,2017-01-14T10:58:29.405Z,"9km W of Cobb, California",earthquake,0.28,0.52,0.04,4,automatic,nc,nc
2017-01-14T10:56:10.912Z,36.8134,-115.7786,3.4,0.2,ml,10,254.92,0.186,0.1892,nn,nn00573949,2017-01-15T02:39:14.433Z,"69km NNE of Pahrump, Nevada",earthquake,,13.3,0.16,7,reviewed,nn,nn
2017-01-14T10:52:27.632Z,60.3967,-138.296,0,2.4,ml,,,,0.59,ak,ak15071541,2017-01-14T11:04:29.686Z,"58km SW of Haines Junction, Canada",earthquake,,0.4,,,automatic,ak,ak
2017-01-14T10:36:44.888Z,38.4215,-118.9061,6.9,1.3,ml,14,74.63,0.116,0.1131,nn,nn00573945,2017-01-15T02:39:11.751Z,"27km WSW of Hawthorne, Nevada",earthquake,,2.7,0.3,6,reviewed,nn,nn
2017-01-14T10:34:51.160Z,-15.1203,-173.2494,10,5.4,mb,,37,1.866,1.03,us,us10007t9m,2017-01-14T14:08:48.730Z,"106km NNE of Hihifo, Tonga",earthquake,7.2,1.8,0.04,214,reviewed,us,us
2017-01-14T10:19:58.210Z,36.5461655,-121.1096649,7.65,1.63,md,8,107,0.045,0.01,nc,nc72752080,2017-01-14T10:40:02.538Z,"23km NE of Soledad, California",earthquake,0.42,1.13,0.18,8,automatic,nc,nc
2017-01-14T10:13:11.880Z,38.7854996,-122.7366638,1.44,1.3,md,15,88,0.00226,0.02,nc,nc72752075,2017-01-14T10:29:01.514Z,"1km ENE of The Geysers, California",earthquake,0.21,0.43,0.12,5,automatic,nc,nc
2017-01-14T10:12:04.090Z,38.3547,-118.9161,8.6,1.1,ml,14,143.78,0.156,0.1512,nn,nn00573944,2017-01-15T02:39:09.245Z,"29km ENE of Bridgeport, California",earthquake,,3.9,0.21,5,reviewed,nn,nn
2017-01-14T10:09:34.840Z,34.1951667,-116.4403333,6.78,2.09,ml,62,58,0.1073,0.18,ci,ci37567887,2017-01-14T18:12:07.590Z,"9km N of Yucca Valley, CA",earthquake,0.22,0.84,0.137,26,automatic,ci,ci
2017-01-14T10:07:19.890Z,31.7648333,-116.0848333,10.35,2.46,ml,6,257,0.2661,0.13,ci,ci37567879,2017-01-14T10:11:02.211Z,"46km E of Maneadero, B.C., MX",earthquake,2.88,2.07,0.149,27,automatic,ci,ci
2017-01-14T10:06:43.000Z,17.881,-67.1102,9,2.3,Md,3,288,0.10779783,0.33,pr,pr17014000,2017-01-14T11:40:06.396Z,"12km SSW of La Parguera, Puerto Rico",earthquake,1.9,1.6,0,3,reviewed,pr,pr
2017-01-14T09:59:57.440Z,38.8426666,-122.8410034,1.68,1.6,md,20,84,0.005928,0.04,nc,nc72752065,2017-01-14T10:15:03.294Z,"10km WNW of Cobb, California",earthquake,0.25,0.29,0.09,6,automatic,nc,nc
2017-01-14T09:55:51.250Z,38.8398323,-122.7740021,1,0.95,md,15,138,0.003339,0.02,nc,nc72752055,2017-01-14T09:57:29.572Z,"4km WNW of Cobb, California",earthquake,0.25,0.37,0.13,5,automatic,nc,nc
2017-01-14T09:55:41.106Z,65.2043,-148.7717,14.2,1.3,ml,,,,0.3,ak,ak15071535,2017-01-14T10:04:19.247Z,"53km NW of Ester, Alaska",earthquake,,0.5,,,automatic,ak,ak
2017-01-14T09:45:57.140Z,32.9535,-115.539,4.25,1.49,ml,21,85,0.05501,0.28,ci,ci37567871,2017-01-14T09:49:23.891Z,"3km SSW of Brawley, CA",earthquake,0.44,1.4,0.156,26,automatic,ci,ci
2017-01-14T09:44:34.689Z,38.3859,-118.9024,7.4,0.7,ml,10,164.19,0.129,0.118,nn,nn00574033,2017-01-15T02:41:15.446Z,"28km WSW of Hawthorne, Nevada",earthquake,,4.9,0.12,2,reviewed,nn,nn
2017-01-14T09:44:01.210Z,33.4685,-116.4826667,6.05,0.72,ml,22,101,0.09752,0.15,ci,ci37567863,2017-01-14T09:47:37.193Z,"20km ESE of Anza, CA",earthquake,0.25,0.92,0.098,24,automatic,ci,ci
2017-01-14T09:40:34.300Z,38.7729988,-122.7149963,1.13,1.97,md,16,122,0.001773,0.07,nc,nc72752045,2017-01-14T09:56:02.251Z,"3km E of The Geysers, California",earthquake,0.47,0.37,0.21,8,automatic,nc,nc
2017-01-14T09:35:05.428Z,36.9738,-116.361,9.4,-0.3,ml,5,159.52,0.048,0.0549,nn,nn00574038,2017-01-15T02:41:17.230Z,"36km ENE of Beatty, Nevada",earthquake,,3.1,0.36,2,reviewed,nn,nn
2017-01-14T09:34:58.766Z,38.4311,-118.852,1.6,0.8,ml,6,269.42,0.325,0.1279,nn,nn00574032,2017-01-15T02:41:13.485Z,"22km WSW of Hawthorne, Nevada",earthquake,,7.6,0.06,3,reviewed,nn,nn
2017-01-14T09:31:45.090Z,-18.7325,176.3411,10,4.9,mb,,116,1.9,0.77,us,us10007t9e,2017-01-14T09:57:10.040Z,"153km SW of Nadi, Fiji",earthquake,10.7,1.9,0.08,49,reviewed,us,us
2017-01-14T09:24:32.060Z,46.1906667,-122.1663333,0.99,0.09,ml,4,280,0.01937,0.09,uw,uw61228607,2017-01-14T19:01:11.860Z,"37km NE of Amboy, Washington",earthquake,1.86,2.53,0.364,3,reviewed,uw,uw
2017-01-14T09:23:36.490Z,38.8064995,-122.7985001,2.84,1.4,md,22,115,0.002897,0.02,nc,nc72752040,2017-01-14T09:39:03.227Z,"4km NW of The Geysers, California",earthquake,0.3,0.48,0.16,5,automatic,nc,nc
2017-01-14T08:57:25.950Z,37.3530006,-121.7196655,5.64,2.4,md,53,53,0.04394,0.05,nc,nc72752030,2017-01-15T06:12:45.629Z,"9km E of Alum Rock, California",earthquake,0.13,0.3,0.16,57,automatic,nc,nc
2017-01-14T08:56:43.184Z,38.3611,-118.9043,7.4,1.3,ml,14,73.56,0.145,0.145,nn,nn00573943,2017-01-15T02:39:07.173Z,"30km SW of Hawthorne, Nevada",earthquake,,3.7,0.3,3,reviewed,nn,nn
2017-01-14T08:48:27.241Z,62.1259,-148.0156,21.3,2.3,ml,,,,0.65,ak,ak15071245,2017-01-14T09:06:21.922Z,"57km NE of Sutton-Alpine, Alaska",earthquake,,0.4,,,automatic,ak,ak
2017-01-14T08:46:24.990Z,38.8463326,-122.8288345,1.65,0.43,md,8,74,0.009315,0.02,nc,nc72752020,2017-01-14T08:48:07.259Z,"9km WNW of Cobb, California",earthquake,0.42,0.76,0.15,2,automatic,nc,nc
2017-01-14T08:45:49.170Z,37.2958336,-121.6470032,6.64,1.63,md,16,112,0.04227,0.04,nc,nc72752010,2017-01-14T09:01:03.145Z,"17km ESE of Alum Rock, California",earthquake,0.24,0.64,0.23,14,automatic,nc,nc
2017-01-14T08:38:40.330Z,35.8863333,-90.0146667,7.71,2.23,md,26,94,0.05786,0.2,nm,nm60171986,2017-01-14T15:02:14.420Z,"9km WSW of Blytheville, Arkansas",earthquake,0.35,0.63,0.129,22,reviewed,nm,nm
2017-01-14T08:37:31.520Z,43.2606667,-110.257,6.01,1.09,ml,7,168,0.433,0.13,mb,mb80196779,2017-01-14T15:02:49.130Z,"42km E of Hoback, Wyoming",earthquake,1.19,9.49,0.302,7,reviewed,mb,mb
2017-01-14T08:24:18.440Z,38.3449,-118.8886,8.8,0.8,ml,10,92.53,0.294,0.13,nn,nn00573942,2017-01-15T02:39:04.955Z,"30km SW of Hawthorne, Nevada",earthquake,,10.7,0.2,3,reviewed,nn,nn
2017-01-14T08:24:09.770Z,38.8359985,-122.7861633,0.79,0.89,md,13,73,0.01008,0.02,nc,nc72752005,2017-01-14T08:25:51.066Z,"5km WNW of Cobb, California",earthquake,0.22,0.67,,4,automatic,nc,nc
2017-01-14T08:19:57.570Z,33.4868333,-116.4646667,14.23,0.76,ml,24,103,0.04889,0.16,ci,ci37567855,2017-01-14T08:23:23.460Z,"21km ESE of Anza, CA",earthquake,0.32,0.61,0.16,20,automatic,ci,ci
2017-01-14T07:53:01.180Z,33.5051667,-116.7913333,5.86,0.47,ml,20,47,0.07514,0.12,ci,ci37567847,2017-01-14T07:56:43.698Z,"10km NE of Aguanga, CA",earthquake,0.22,0.87,0.092,12,automatic,ci,ci
2017-01-14T07:52:35.680Z,38.8148346,-122.7858353,1.04,0.5,md,6,110,0.00432,0.02,nc,nc72751995,2017-01-14T07:54:14.597Z,"4km NNW of The Geysers, California",earthquake,0.4,0.87,,1,automatic,nc,nc
2017-01-14T07:51:20.080Z,33.9063333,-116.208,11.64,0.88,ml,25,68,0.03452,0.18,ci,ci37567839,2017-01-14T07:54:56.979Z,"19km ENE of Thousand Palms, CA",earthquake,0.39,0.65,0.142,17,automatic,ci,ci
2017-01-14T07:47:52.243Z,38.3681,-118.9065,12.2,0.9,ml,11,92.51,0.321,0.1333,nn,nn00573941,2017-01-15T02:39:03.112Z,"30km SW of Hawthorne, Nevada",earthquake,,7,0.08,2,reviewed,nn,nn
2017-01-14T07:35:59.450Z,38.8305016,-122.7975006,1.35,0.56,md,8,85,0.009674,0.01,nc,nc72751985,2017-01-14T07:37:35.140Z,"6km W of Cobb, California",earthquake,0.3,1.02,,1,automatic,nc,nc
2017-01-14T07:07:07.267Z,38.4315,-118.8916,11.6,0.8,ml,8,205.28,0.35,0.1118,nn,nn00573998,2017-01-15T02:40:38.635Z,"25km WSW of Hawthorne, Nevada",earthquake,,6.4,0.16,4,reviewed,nn,nn
2017-01-14T06:59:13.000Z,-37.4821,-74.0141,34.27,4.2,mb,,184,0.985,0.62,us,us10007t94,2017-01-14T07:39:14.040Z,"35km WNW of Lebu, Chile",earthquake,9.1,11.1,0.136,15,reviewed,us,us
2017-01-14T06:53:01.520Z,47.6798333,-120.2468333,4.7,0.8,ml,6,130,0.09574,0.12,uw,uw61228602,2017-01-17T02:58:15.820Z,"2km W of Entiat, Washington",earthquake,0.41,1.58,0.049,4,reviewed,uw,uw
2017-01-14T06:48:44.780Z,38.4039,-118.9369,7.6,0.9,ml,13,75.82,0.145,0.1591,nn,nn00573939,2017-01-15T02:39:01.259Z,"30km WSW of Hawthorne, Nevada",earthquake,,5,0.38,2,reviewed,nn,nn
2017-01-14T06:48:16.420Z,38.788166,-122.9508362,12.84,1.01,md,7,185,0.07092,0.24,nc,nc72751970,2017-01-14T06:49:54.619Z,"6km ESE of Cloverdale, California",earthquake,3.35,14.81,0.33,2,automatic,nc,nc
2017-01-14T06:41:03.180Z,-2.6129,128.9246,35.64,4.8,mb,,120,3.334,0.83,us,us10007t93,2017-01-14T06:56:22.040Z,"56km ENE of Taniwel, Indonesia",earthquake,6.5,8.8,0.113,24,reviewed,us,us
2017-01-14T06:37:29.190Z,36.7874985,-122.0705032,-0.27,2.66,md,55,182,0.2397,0.22,nc,nc72751960,2017-01-14T20:46:24.090Z,"20km SSW of Twin Lakes, California",earthquake,0.63,2.65,0.17,52,automatic,nc,nc
2017-01-14T06:32:56.810Z,45.3385,-112.546,8.9,3.11,ml,40,49,0.372,0.25,mb,mb80196774,2017-01-15T09:26:46.144Z,"15km NNE of Dillon, Montana",earthquake,0.38,0.72,0.326,20,reviewed,mb,mb
2017-01-14T06:32:25.516Z,38.411,-118.9368,6,1.3,ml,12,91.67,0.142,0.1326,nn,nn00574031,2017-01-15T02:41:11.899Z,"30km WSW of Hawthorne, Nevada",earthquake,,4.9,0.23,3,reviewed,nn,nn
2017-01-14T06:29:58.552Z,37.1653,-117.3738,9.8,0.2,ml,8,109.47,0.169,0.1241,nn,nn00574030,2017-01-15T02:41:09.852Z,"61km WNW of Beatty, Nevada",earthquake,,8.2,0,1,reviewed,nn,nn
2017-01-14T06:17:03.550Z,32.8133333,-115.423,12.77,1.6,ml,14,161,0.02157,0.2,ci,ci37567823,2017-01-14T06:20:41.569Z,"4km W of Holtville, CA",earthquake,0.7,0.82,0.215,24,automatic,ci,ci
2017-01-14T06:12:17.170Z,38.8336678,-122.791832,7.73,0.76,md,9,184,0.015,0.09,nc,nc72751950,2017-01-14T06:13:58.112Z,"6km WNW of Cobb, California",earthquake,1.5,1.26,0.16,2,automatic,nc,nc
2017-01-14T06:11:41.630Z,-18.5884,176.2304,10,6.1,mwp,,39,1.925,1.34,us,us10007t8x,2017-01-14T16:37:33.000Z,"152km SW of Nadi, Fiji",earthquake,7.4,1.7,0.063,30,reviewed,us,us
2017-01-14T05:49:15.132Z,38.3896,-118.9143,6.5,1,ml,12,91.29,0.135,0.1263,nn,nn00573936,2017-01-15T02:38:59.124Z,"29km WSW of Hawthorne, Nevada",earthquake,,4.4,0.08,2,reviewed,nn,nn
2017-01-14T05:48:56.830Z,19.4268341,-155.6138306,2.3,1.73,md,24,88,0.02698,0.38,hv,hv61561621,2017-01-14T05:52:18.160Z,"26km E of Honaunau-Napoopoo, Hawaii",earthquake,0.43,0.57,0.18,11,automatic,hv,hv
2017-01-14T05:47:24.010Z,38.7849998,-122.7458344,1.47,1.53,md,11,111,0.007334,0.02,nc,nc72751945,2017-01-14T06:03:03.756Z,"1km NE of The Geysers, California",earthquake,0.37,0.76,0.1,3,automatic,nc,nc
2017-01-14T05:10:40.410Z,33.4728333,-116.4846667,6.04,0.42,ml,17,143,0.1006,0.17,ci,ci37567719,2017-01-14T05:14:19.102Z,"20km ESE of Anza, CA",earthquake,0.39,1.32,0.082,11,automatic,ci,ci
2017-01-14T05:06:14.080Z,33.1498333,-116.0933333,8.73,1.56,ml,45,45,0.1414,0.26,ci,ci37567711,2017-01-14T05:10:01.734Z,"4km ENE of Ocotillo Wells, CA",earthquake,0.36,1.91,0.194,27,automatic,ci,ci
2017-01-14T05:00:41.510Z,33.487,-116.4191667,9.61,0.73,ml,23,118,0.03671,0.21,ci,ci37567703,2017-01-14T05:04:13.200Z,"22km SSW of La Quinta, CA",earthquake,0.29,0.81,0.145,20,automatic,ci,ci
2017-01-14T04:59:05.270Z,33.4996667,-116.4148333,14.83,0.61,ml,15,150,0.02535,0.25,ci,ci37567695,2017-01-14T05:02:41.439Z,"21km SSW of La Quinta, CA",earthquake,0.71,1.04,0.164,16,automatic,ci,ci
2017-01-14T04:53:48.692Z,37.489,-116.8839,1.1,1.4,ml,18,74.87,0.368,0.1387,nn,nn00573932,2017-01-15T02:38:57.125Z,"39km SE of Goldfield, Nevada",earthquake,,10.7,0.25,8,reviewed,nn,nn
2017-01-14T04:42:18.949Z,38.3906,-118.9146,6.4,1.4,ml,17,74.55,0.135,0.1442,nn,nn00573927,2017-01-15T02:38:53.135Z,"29km WSW of Hawthorne, Nevada",earthquake,,3,0.07,7,reviewed,nn,nn
2017-01-14T04:39:38.560Z,33.4706667,-116.4835,9.16,0.93,ml,26,53,0.07141,0.21,ci,ci37567687,2017-01-14T04:43:19.119Z,"20km ESE of Anza, CA",earthquake,0.3,0.84,0.142,26,automatic,ci,ci
2017-01-14T04:39:19.450Z,38.3899,-118.893,8.4,1,ml,12,88.8,0.121,0.1758,nn,nn00573926,2017-01-15T02:38:50.827Z,"27km WSW of Hawthorne, Nevada",earthquake,,2.8,0.2,3,reviewed,nn,nn
2017-01-14T04:35:15.140Z,38.4243,-118.9043,7.3,1.5,ml,16,74.58,0.114,0.1624,nn,nn00573925,2017-01-15T02:38:48.421Z,"26km WSW of Hawthorne, Nevada",earthquake,,3,0.2,7,reviewed,nn,nn
2017-01-14T04:23:04.473Z,38.4161,-118.9332,6.7,0.9,ml,10,166.65,0.138,0.0958,nn,nn00573924,2017-01-15T02:38:45.989Z,"29km WSW of Hawthorne, Nevada",earthquake,,2.9,0.02,2,reviewed,nn,nn
2017-01-14T04:21:42.362Z,38.429,-118.9,6.5,1.1,ml,11,86.24,0.109,0.1111,nn,nn00573923,2017-01-15T02:38:43.870Z,"26km WSW of Hawthorne, Nevada",earthquake,,2.8,0.17,3,reviewed,nn,nn
2017-01-14T03:55:18.221Z,38.3333,-118.8773,12.5,0.9,ml,9,155.32,0.281,0.1559,nn,nn00573922,2017-01-15T02:38:41.792Z,"30km SW of Hawthorne, Nevada",earthquake,,3.9,0.51,6,reviewed,nn,nn
2017-01-14T03:45:26.500Z,46.7996667,-111.8091667,5,0.34,md,8,218,0.09,0.31,mb,mb80196789,2017-01-14T15:22:51.580Z,"15km NE of Helena Valley Northeast, Montana",earthquake,6.28,31.61,0.272,3,reviewed,mb,mb
2017-01-14T03:41:31.780Z,33.4971667,-116.472,11.87,0.54,ml,23,125,0.0467,0.2,ci,ci37567671,2017-01-14T03:44:59.534Z,"20km ESE of Anza, CA",earthquake,0.45,0.79,0.091,13,automatic,ci,ci
2017-01-14T03:34:32.930Z,10.6515,-62.2764,86.91,4.5,mb,,99,1.593,0.74,us,us10007t8p,2017-01-14T03:54:32.040Z,"8km NNE of Gueiria, Venezuela",earthquake,9.3,13.4,0.145,18,reviewed,us,us
2017-01-14T03:19:16.137Z,59.7576,-153.1509,101.2,2.2,ml,,,,0.5,ak,ak15070400,2017-01-15T02:01:26.890Z,"74km W of Anchor Point, Alaska",earthquake,,0.7,,,reviewed,ak,ak
2017-01-14T03:17:16.826Z,38.4055,-118.9343,11.6,1.3,ml,12,91.95,0.142,0.1433,nn,nn00573921,2017-01-15T02:38:40.173Z,"30km WSW of Hawthorne, Nevada",earthquake,,3.1,0.22,4,reviewed,nn,nn
2017-01-14T02:50:00.940Z,33.2196667,-116.0858333,5.35,1.32,ml,30,61,0.1435,0.3,ci,ci37567663,2017-01-14T02:53:41.932Z,"10km NNE of Ocotillo Wells, CA",earthquake,0.45,1.79,0.195,28,automatic,ci,ci
2017-01-14T02:43:32.685Z,37.0241,-116.0274,9.6,0,ml,20,106.86,0.01,0.2078,nn,nn00574028,2017-01-15T02:41:08.149Z,"66km ENE of Beatty, Nevada",earthquake,,1.2,0.5,8,reviewed,nn,nn
2017-01-14T02:26:28.800Z,46.6235,-111.4385,5,1.22,ml,10,208,0.284,0.13,mb,mb80196764,2017-01-14T15:10:26.540Z,"34km N of Townsend, Montana",earthquake,1.08,31.61,0.063,2,reviewed,mb,mb
2017-01-14T02:25:06.998Z,38.2805,-118.8366,12.2,0.6,ml,7,204.2,0.222,0.0972,nn,nn00574027,2017-01-15T02:41:05.493Z,"32km SW of Hawthorne, Nevada",earthquake,,10.3,0.31,2,reviewed,nn,nn
2017-01-14T02:25:02.404Z,39.224,-118.08,4.5,1.2,ml,8,138.34,0.092,0.1604,nn,nn00574025,2017-01-15T02:40:56.594Z,"41km NNW of Gabbs, Nevada",earthquake,,2.1,0.45,5,reviewed,nn,nn
2017-01-14T02:13:37.999Z,38.382,-118.9273,9.2,0.5,ml,9,177.98,0.339,0.1509,nn,nn00573980,2017-01-15T02:40:12.976Z,"30km WSW of Hawthorne, Nevada",earthquake,,3,0.37,4,reviewed,nn,nn
2017-01-14T02:08:16.120Z,33.5046667,-116.5701667,11.61,0.78,ml,33,70,0.02855,0.14,ci,ci37567647,2017-01-14T02:11:57.528Z,"11km ESE of Anza, CA",earthquake,0.22,0.32,0.178,24,automatic,ci,ci
2017-01-14T02:06:56.560Z,38.8419991,-122.8264999,-0.49,1.13,md,14,85,0.007801,0.17,nc,nc72751925,2017-01-14T03:01:02.400Z,"9km WNW of Cobb, California",earthquake,0.34,0.89,0.08,6,automatic,nc,nc
2017-01-14T01:59:41.881Z,36.7005,-116.3153,7.8,-0.1,ml,20,76.12,0.058,0.1303,nn,nn00573919,2017-01-15T02:38:38.138Z,"45km ESE of Beatty, Nevada",earthquake,,1.1,0.5,10,reviewed,nn,nn
2017-01-14T01:56:07.030Z,32.967,-116.4093333,-0.04,0.78,ml,18,229,0.1947,0.35,ci,ci37567631,2017-01-14T01:59:52.376Z,"20km NE of Pine Valley, CA",earthquake,2.73,31.61,0.048,4,automatic,ci,ci
2017-01-14T01:55:19.640Z,38.4772,-118.3437,7,0.9,ml,7,146.19,0.042,0.1656,nn,nn00573979,2017-01-15T02:40:11.249Z,"25km ESE of Hawthorne, Nevada",earthquake,,3.5,0.24,4,reviewed,nn,nn
2017-01-14T01:51:03.659Z,38.3902,-118.879,10.8,0.7,ml,8,168.1,0.325,0.1439,nn,nn00573978,2017-01-15T02:40:09.680Z,"26km SW of Hawthorne, Nevada",earthquake,,6.7,0.29,3,reviewed,nn,nn
2017-01-14T01:44:59.040Z,39.1945,-123.1784973,7.61,1.58,md,6,157,0.09584,0.02,nc,nc72751915,2017-01-14T02:29:02.316Z,"5km NNE of Ukiah, California",earthquake,0.65,1.91,0.16,4,automatic,nc,nc
2017-01-14T01:40:33.340Z,33.9253333,-116.7853333,18.42,0.98,ml,31,49,0.09205,0.22,ci,ci37567615,2017-01-14T01:44:16.185Z,"1km N of Cabazon, CA",earthquake,0.37,0.85,0.158,25,automatic,ci,ci
2017-01-14T01:38:27.100Z,33.0745,-116.1618333,2.79,1.25,ml,31,74,0.141,0.2,ci,ci37567607,2017-01-14T01:41:59.245Z,"8km SSW of Ocotillo Wells, CA",earthquake,0.41,1.21,0.179,27,automatic,ci,ci
2017-01-14T01:33:09.300Z,33.0795,-116.1575,8.35,1.24,ml,24,62,0.1389,0.28,ci,ci37567599,2017-01-14T01:43:45.220Z,"8km SSW of Ocotillo Wells, CA",earthquake,0.54,2.18,0.182,27,automatic,ci,ci
2017-01-14T01:30:41.190Z,35.7945,-118.0491667,2.59,0.75,ml,11,136,0.1256,0.17,ci,ci37567591,2017-01-14T01:34:10.705Z,"20km SW of Little Lake, CA",earthquake,0.59,0.82,0.059,10,automatic,ci,ci
2017-01-14T01:28:48.000Z,33.0726667,-116.1643333,2.38,1.09,ml,18,74,0.1414,0.22,ci,ci37567583,2017-01-14T01:32:22.659Z,"8km SSW of Ocotillo Wells, CA",earthquake,0.43,0.83,0.153,25,automatic,ci,ci
2017-01-14T01:13:09.219Z,38.4101,-118.9198,9.2,1.4,ml,12,84.17,0.13,0.1507,nn,nn00573907,2017-01-15T02:38:31.197Z,"28km WSW of Hawthorne, Nevada",earthquake,,2.9,0.11,8,reviewed,nn,nn
2017-01-14T01:09:18.674Z,64.0084,-148.8124,11.2,1.7,ml,,,,0.59,ak,ak15070123,2017-01-14T01:17:44.642Z,"18km NNE of Healy, Alaska",earthquake,,0.6,,,automatic,ak,ak
2017-01-14T01:07:03.404Z,38.4758,-118.3542,6.7,2,ml,16,53.03,0.043,0.1959,nn,nn00573904,2017-01-15T02:38:29.001Z,"24km ESE of Hawthorne, Nevada",earthquake,,1.6,0.25,7,reviewed,nn,nn
2017-01-14T00:57:59.540Z,-23.8583,-67.1737,196.56,4.3,mb,,57,1.29,0.88,us,us10007t87,2017-01-14T01:17:41.040Z,"95km WNW of San Antonio de los Cobres, Argentina",earthquake,7.1,9.9,0.239,5,reviewed,us,us
2017-01-14T00:51:33.590Z,33.6888333,-116.708,20.83,0.46,ml,20,117,0.02541,0.3,ci,ci37567575,2017-01-14T00:55:09.078Z,"6km S of Idyllwild, CA",earthquake,1.16,1.03,0.075,7,automatic,ci,ci
2017-01-14T00:51:02.520Z,33.6418333,-116.7173333,13.1,0.58,ml,22,51,0.06188,0.19,ci,ci37567559,2017-01-14T00:54:38.048Z,"10km NNW of Anza, CA",earthquake,0.43,0.75,0.156,14,automatic,ci,ci
2017-01-14T00:49:21.821Z,38.3799,-118.8952,10.2,1.3,ml,11,89.98,0.128,0.1356,nn,nn00573899,2017-01-15T02:38:24.215Z,"28km SW of Hawthorne, Nevada",earthquake,,2.3,0.11,3,reviewed,nn,nn
2017-01-14T00:44:58.900Z,33.4841667,-116.8821667,13.94,1.04,ml,31,58,0.1312,0.19,ci,ci37567551,2017-01-14T00:48:34.027Z,"5km NNW of Aguanga, CA",earthquake,0.25,0.78,0.183,26,automatic,ci,ci
2017-01-14T00:42:07.103Z,61.1239,-151.3961,56.2,2.4,ml,,,,0.57,ak,ak15070008,2017-01-14T00:49:19.228Z,"48km N of Nikiski, Alaska",earthquake,,0.5,,,automatic,ak,ak
2017-01-14T00:40:27.416Z,60.3185,-152.0748,83.3,1.9,ml,,,,0.4,ak,ak15070005,2017-01-14T00:49:18.987Z,"41km ESE of Redoubt Volcano, Alaska",earthquake,,1.1,,,automatic,ak,ak
2017-01-14T00:39:53.980Z,38.8338318,-122.8006668,1.57,0.88,md,12,58,0.009267,0.02,nc,nc72751900,2017-01-14T00:42:33.704Z,"6km W of Cobb, California",earthquake,0.25,0.59,0.07,3,automatic,nc,nc
2017-01-14T00:34:38.529Z,61.0698,-149.7635,37.6,1.2,ml,,,,0.29,ak,ak15070117,2017-01-14T02:20:45.226Z,"18km SSE of Anchorage, Alaska",earthquake,,0.4,,,reviewed,ak,ak
2017-01-14T00:27:24.910Z,36.5513344,-121.1136703,7.51,2.04,md,15,107,0.05108,0.07,nc,nc72751890,2017-01-14T00:54:34.106Z,"23km NE of Soledad, California",earthquake,0.37,0.79,0.23,15,automatic,nc,nc
2017-01-14T00:16:26.990Z,37.4416667,-121.5201667,6.77,1.12,md,15,106,0.09372,0.07,nc,nc72751880,2017-01-14T03:13:01.429Z,"27km ENE of East Foothills, California",earthquake,0.28,0.82,0.225,14,reviewed,nc,nc
2017-01-14T00:00:01.359Z,60.9986,-152.4143,117,2,ml,,,,0.63,ak,ak15069653,2017-01-14T00:06:37.058Z,"59km NNE of Redoubt Volcano, Alaska",earthquake,,0.8,,,automatic,ak,ak
2017-01-13T23:50:30.571Z,61.3571,-151.1995,88.6,1.3,ml,,,,0.57,ak,ak15069651,2017-01-13T23:57:53.049Z,"68km WSW of Big Lake, Alaska",earthquake,,0.8,,,automatic,ak,ak
2017-01-13T23:47:03.859Z,59.2023,-151.6312,49.2,2,ml,,,,0.51,ak,ak15069649,2017-01-13T23:57:53.270Z,"49km S of Homer, Alaska",earthquake,,1.1,,,automatic,ak,ak
2017-01-13T23:31:10.100Z,38.8191681,-122.7633362,1.63,1.51,md,25,51,0.0124,0.05,nc,nc72751870,2017-01-13T23:49:02.208Z,"3km W of Cobb, California",earthquake,0.24,0.35,0.13,8,automatic,nc,nc
2017-01-13T23:24:13.790Z,37.4440002,-121.777832,4.76,2,md,30,62,0.01902,0.05,nc,nc72751865,2017-01-13T23:38:03.189Z,"7km NNE of East Foothills, California",earthquake,0.17,0.31,0.23,24,automatic,nc,nc
2017-01-13T23:13:38.710Z,38.7955017,-122.8478317,5.09,1.36,md,17,201,0.01976,0.14,nc,nc72751855,2017-01-13T23:38:02.195Z,"8km WNW of The Geysers, California",earthquake,0.93,1.15,0.04,5,automatic,nc,nc
2017-01-13T23:09:13.040Z,48.8475,-122.5821667,8.83,1.44,ml,14,108,0.1396,0.25,uw,uw61228587,2017-01-14T00:03:49.150Z,"0km E of Ferndale, Washington",earthquake,0.42,2.04,0.077,8,reviewed,uw,uw
2017-01-13T23:06:50.320Z,2.7103,126.8172,60.35,4.7,mb,,107,2.002,0.84,us,us10007t71,2017-01-13T23:26:35.040Z,"171km NW of Tobelo, Indonesia",earthquake,8.8,7.1,0.071,61,reviewed,us,us
2017-01-13T23:06:18.480Z,48.8508333,-122.5783333,10.44,1.59,ml,15,108,0.1417,0.27,uw,uw60131708,2017-01-14T18:53:00.100Z,"1km ENE of Ferndale, Washington",earthquake,0.51,2.48,0.171,7,reviewed,uw,uw
2017-01-13T23:06:10.210Z,48.8538333,-122.5901667,9.01,1.48,ml,13,109,0.1476,0.28,uw,uw61228582,2017-01-14T18:54:09.060Z,"0km N of Ferndale, Washington",earthquake,0.56,2.83,0.062,8,reviewed,uw,uw
2017-01-13T23:00:39.160Z,34.124,-117.442,5.43,0.99,ml,24,80,0.0962,0.16,ci,ci37567519,2017-01-13T23:04:14.426Z,"3km NNE of Fontana, CA",earthquake,0.35,1.16,0.153,31,automatic,ci,ci
2017-01-13T23:00:03.100Z,32.6673,47.4528,10,4.2,mb,,111,7.174,0.93,us,us10007t76,2017-01-14T02:18:47.040Z,"17km E of Dehloran, Iran",earthquake,11.1,2,0.11,23,reviewed,us,us
2017-01-13T22:58:35.050Z,32.5975,-115.5775,1.45,1.85,ml,13,219,0.1359,0.34,ci,ci37567511,2017-01-13T23:02:12.912Z,"2km NNE of Progreso, B.C., MX",earthquake,0.97,1.11,0.15,26,automatic,ci,ci
2017-01-13T22:58:06.280Z,40.7521667,-122.304,-0.79,1.58,md,12,74,0.1916,0.12,nc,nc72751845,2017-01-14T01:57:04.989Z,"1km E of Quarry near Mountain Gate (Shasta Res.), CA",quarry blast,0.42,31.61,0.238,12,reviewed,nc,nc
2017-01-13T22:48:58.600Z,18.7411,-67.3805,7,3,Md,13,208.8,0.37280084,0.3,pr,pr17013007,2017-01-14T00:57:37.040Z,"47km NW of San Antonio, Puerto Rico",earthquake,1.1,1.7,0,10,reviewed,pr,pr
2017-01-13T22:45:51.695Z,38.4186,-118.924,10.2,1,ml,9,174.18,0.13,0.1512,nn,nn00573862,2017-01-13T23:41:16.316Z,"28km WSW of Hawthorne, Nevada",earthquake,,2.8,0.14,3,reviewed,nn,nn
2017-01-13T22:44:09.560Z,38.8293343,-122.8065033,0.57,0.56,md,8,87,0.006554,0.02,nc,nc72751840,2017-01-13T22:45:57.249Z,"7km W of Cobb, California",earthquake,0.41,0.78,,1,automatic,nc,nc
2017-01-13T22:24:09.730Z,34.805,-87.7353333,6.58,2.33,md,13,76,0.3217,0.11,se,se60171946,2017-01-16T00:02:28.504Z,"5km W of Florence, Alabama",earthquake,0.79,1.41,0.012,4,reviewed,se,se
2017-01-13T22:23:35.722Z,60.4139,-152.1909,71.9,2,ml,,,,0.59,ak,ak15069347,2017-01-13T22:32:14.935Z,"31km ESE of Redoubt Volcano, Alaska",earthquake,,0.7,,,automatic,ak,ak
2017-01-13T22:15:54.510Z,49.4633333,-120.5148333,-0.51,2.22,ml,10,231,0.598,0.39,uw,uw61228577,2017-01-13T23:09:22.270Z,"0km NNW of Princeton, Canada",explosion,2.17,31.61,0.082,10,reviewed,uw,uw
2017-01-13T22:03:08.053Z,62.3189,-147.6204,42.8,1.6,ml,,,,0.6,ak,ak15069343,2017-01-13T22:12:49.647Z,"86km NE of Sutton-Alpine, Alaska",earthquake,,0.7,,,automatic,ak,ak
2017-01-13T21:54:22.050Z,38.8171654,-122.8513336,1.37,0.68,md,10,105,0.01405,0.02,nc,nc72751835,2017-01-13T21:55:59.086Z,"9km WNW of The Geysers, California",earthquake,0.33,0.74,0.12,4,automatic,nc,nc
2017-01-13T21:50:50.094Z,38.4243,-118.8819,7.3,0.9,ml,8,236.54,0.097,0.1477,nn,nn00573858,2017-01-13T22:45:44.714Z,"25km WSW of Hawthorne, Nevada",earthquake,,3.1,0.05,2,reviewed,nn,nn
2017-01-13T21:45:48.100Z,38.8203316,-122.779335,0.64,0.92,md,5,149,0.007141,0.01,nc,nc72751830,2017-01-13T21:47:31.431Z,"4km W of Cobb, California",earthquake,1,0.8,0.05,2,automatic,nc,nc
2017-01-13T21:43:32.210Z,35.571,32.3884,76.18,4.3,mb,,124,0.982,0.82,us,us10007t6n,2017-01-14T06:53:24.437Z,"50km NNW of Kato Pyrgos, Cyprus",earthquake,3.7,12.3,0.088,37,reviewed,us,us
2017-01-13T21:23:47.547Z,38.4354,-118.9112,7,1.2,ml,9,189.88,0.116,0.175,nn,nn00573853,2017-01-13T21:41:19.133Z,"26km WSW of Hawthorne, Nevada",earthquake,,2.4,0.09,4,reviewed,nn,nn
2017-01-13T21:15:12.300Z,38.8273315,-122.8071671,0.36,0.98,md,10,126,0.004539,0.01,nc,nc72751815,2017-01-13T21:16:49.101Z,"7km W of Cobb, California",earthquake,0.34,0.52,0.17,4,automatic,nc,nc
2017-01-13T21:11:53.383Z,38.4111,-118.8962,8.7,0.8,ml,6,259.4,0.346,0.1262,nn,nn00573851,2017-01-13T21:47:28.434Z,"26km WSW of Hawthorne, Nevada",earthquake,,25.4,0.08,2,reviewed,nn,nn
2017-01-13T21:09:37.480Z,34.1661667,-117.5645,9.55,1.12,ml,45,34,0.04777,0.15,ci,ci37567455,2017-01-13T21:37:47.348Z,"5km NNE of Rancho Cucamonga, CA",earthquake,0.19,0.29,0.14,26,reviewed,ci,ci
2017-01-13T20:56:50.790Z,39.3656667,-122.839,12.13,1.52,md,11,56,0.1479,0.09,nc,nc72751810,2017-01-14T05:06:02.641Z,"23km NNE of Upper Lake, California",earthquake,0.44,1.24,0.187,10,reviewed,nc,nc
2017-01-13T20:46:35.250Z,33.7656667,-116.1303333,6.91,1.24,ml,44,48,0.08204,0.15,ci,ci37567447,2017-01-13T21:25:56.727Z,"9km ENE of Indio, CA",earthquake,0.18,0.43,0.099,35,reviewed,ci,ci
2017-01-13T20:43:49.277Z,38.3861,-118.9025,8,1.1,ml,10,111.8,0.129,0.1654,nn,nn00573838,2017-01-13T21:07:04.562Z,"28km WSW of Hawthorne, Nevada",earthquake,,1.6,0.22,3,reviewed,nn,nn
2017-01-13T20:36:15.450Z,36.7573318,-121.5941696,1.2,1.56,md,14,142,0.02426,0.06,nc,nc72751790,2017-01-13T21:08:02.875Z,"7km ESE of Prunedale, California",earthquake,0.27,0.69,0.18,10,automatic,nc,nc
2017-01-13T20:14:09.850Z,36.7821655,-122.0641632,0.35,2.72,md,55,186,0.2388,0.17,nc,nc72751780,2017-01-14T16:16:36.103Z,"21km S of Santa Cruz, California",earthquake,0.54,2.93,0.15,53,automatic,nc,nc
2017-01-13T20:13:37.150Z,19.643,-155.8265,17.616,1.93,ml,16,117,0.04234,0.13,hv,hv61561041,2017-01-14T00:16:53.370Z,"13km E of Holualoa, Hawaii",earthquake,0.99,1.33,0.044,6,reviewed,hv,hv
2017-01-13T20:06:40.640Z,35.6771667,-120.9898333,3.21,1.08,md,31,78,0.106,0.08,nc,nc72751770,2017-01-14T01:48:38.261Z,"11km WSW of Lake Nacimiento, California",earthquake,0.28,0.84,0.358,14,reviewed,nc,nc
2017-01-13T19:55:45.090Z,37.6366667,-118.913,5.44,0.51,md,19,58,0.01327,0.05,nc,nc72751765,2017-01-13T21:25:42.098Z,"5km ESE of Mammoth Lakes, California",earthquake,0.33,0.5,0.216,15,reviewed,nc,nc
2017-01-13T19:53:36.230Z,37.6331667,-118.9136667,5.4,0.41,md,19,63,0.01111,0.05,nc,nc72751760,2017-01-13T21:18:40.812Z,"5km ESE of Mammoth Lakes, California",earthquake,0.39,0.42,0.143,14,reviewed,nc,nc
2017-01-13T19:48:36.200Z,37.6391667,-118.8985,5.88,0.21,md,8,133,0.005383,0.03,nc,nc72751755,2017-01-13T20:03:54.347Z,"6km E of Mammoth Lakes, California",earthquake,1.06,2.96,0.186,8,reviewed,nc,nc
2017-01-13T19:46:54.270Z,38.7895012,-122.7616653,0.71,0.28,md,8,93,0.01902,0.02,nc,nc72751750,2017-01-13T19:48:34.259Z,"1km NNW of The Geysers, California",earthquake,0.45,1.61,0.21,2,automatic,nc,nc
2017-01-13T19:41:31.943Z,61.2767,-147.2952,10.4,1.9,ml,,,,0.62,ak,ak15068692,2017-01-13T19:51:51.535Z,"53km WNW of Valdez, Alaska",earthquake,,0.2,,,automatic,ak,ak
2017-01-13T19:25:46.220Z,34.0016667,-116.9783333,10.07,1.56,ml,53,55,0.08009,0.19,ci,ci37567415,2017-01-13T19:40:04.660Z,"7km ESE of Yucaipa, CA",earthquake,0.22,0.53,0.112,27,reviewed,ci,ci
2017-01-13T19:12:17.234Z,38.4039,-118.9292,6.3,0.9,ml,8,196.3,0.139,0.1903,nn,nn00573795,2017-01-13T19:25:00.705Z,"29km WSW of Hawthorne, Nevada",earthquake,,5.5,0.32,2,reviewed,nn,nn
2017-01-13T18:48:09.370Z,34.6635,-85.1365,11.29,2.4,md,15,71,0.09125,0.1,se,se60171921,2017-01-16T16:11:35.419Z,"14km ESE of LaFayette, Georgia",earthquake,0.32,0.66,0.076,11,reviewed,se,se
2017-01-13T18:47:50.860Z,33.0775,-116.162,7.85,1.41,ml,51,46,0.1384,0.21,ci,ci37567391,2017-01-13T19:37:47.190Z,"8km SSW of Ocotillo Wells, CA",earthquake,0.23,1.09,0.15,37,reviewed,ci,ci
2017-01-13T18:46:18.940Z,37.6445,-118.8748333,3.83,0.77,md,17,79,0.01747,0.08,nc,nc72751740,2017-01-13T19:19:44.721Z,"8km E of Mammoth Lakes, California",earthquake,0.41,0.63,0.157,12,reviewed,nc,nc
2017-01-13T18:42:19.675Z,38.3786,-118.9147,6.9,1.3,ml,9,142.42,0.141,0.1701,nn,nn00573785,2017-01-13T19:06:25.334Z,"30km WSW of Hawthorne, Nevada",earthquake,,2.4,0.14,3,reviewed,nn,nn
2017-01-13T18:39:04.506Z,61.755,-150.6929,45.2,1.8,ml,,,,0.66,ak,ak15068686,2017-01-13T18:45:10.124Z,"34km W of Willow, Alaska",earthquake,,0.6,,,automatic,ak,ak
2017-01-13T18:34:49.300Z,19.0135,-65.0115,31,3,Md,3,331.2,0.7465,0.2,pr,pr17013006,2017-01-14T15:26:36.040Z,"66km N of Charlotte Amalie, U.S. Virgin Islands",earthquake,2.9,14.3,0,3,reviewed,pr,pr
2017-01-13T18:18:46.960Z,19.4,-155.2856667,1.471,1.92,ml,11,105,0.01225,0.13,hv,hv61560961,2017-01-14T00:12:17.460Z,"6km SW of Volcano, Hawaii",earthquake,0.34,0.81,0.15,5,reviewed,hv,hv
2017-01-13T18:14:41.957Z,38.3513,-118.9053,12,1,ml,6,230.13,0.33,0.0916,nn,nn00573780,2017-01-13T18:57:06.983Z,"30km ENE of Bridgeport, California",earthquake,,7.7,0.03,2,reviewed,nn,nn
2017-01-13T18:13:13.070Z,38.0505,-118.9866667,4.42,1.94,md,33,152,0.2909,0.11,nc,nc72751730,2017-01-14T02:50:02.360Z,"31km SE of Bridgeport, California",earthquake,0.27,5.8,0.204,25,reviewed,nc,nc
2017-01-13T18:06:21.041Z,38.3662,-118.887,15,1,ml,5,290.86,0.321,0.0868,nn,nn00573776,2017-01-13T18:38:25.553Z,"28km SW of Hawthorne, Nevada",earthquake,,4,0.03,3,reviewed,nn,nn
2017-01-13T17:59:01.011Z,38.4,-118.9223,6.7,1.4,ml,8,175.46,0.136,0.1316,nn,nn00573774,2017-01-13T18:32:12.962Z,"29km WSW of Hawthorne, Nevada",earthquake,,3.1,0.11,3,reviewed,nn,nn
2017-01-13T17:49:28.538Z,63.2681,-151.3435,0,1.3,ml,,,,0.39,ak,ak15068428,2017-01-13T17:57:04.887Z,"120km W of Cantwell, Alaska",earthquake,,0.6,,,automatic,ak,ak
2017-01-13T17:45:57.530Z,38.8378334,-122.8261642,1.25,1.04,md,13,66,0.00732,0.03,nc,nc72751720,2017-01-13T17:47:38.231Z,"9km W of Cobb, California",earthquake,0.28,0.52,0.05,4,automatic,nc,nc
2017-01-13T17:36:11.560Z,32.9835,-115.542,3.02,1.24,ml,17,87,0.06408,0.27,ci,ci37567375,2017-01-13T17:59:13.460Z,"1km WNW of Brawley, CA",earthquake,0.44,0.65,0.158,7,reviewed,ci,ci
2017-01-13T17:18:03.700Z,19.3456,-67.058,35,3.3,Md,10,306,0.87495909,0.34,pr,pr17013005,2017-01-14T15:22:56.040Z,"91km N of Isabela, Puerto Rico",earthquake,2.2,14.6,0,6,reviewed,pr,pr
2017-01-13T17:06:08.133Z,38.2407,-118.3469,3.9,0.3,ml,4,267.01,0.125,0.0883,nn,nn00573769,2017-01-13T18:04:33.814Z,"39km SE of Hawthorne, Nevada",earthquake,,17.1,0.52,2,reviewed,nn,nn
2017-01-13T17:00:25.140Z,64.5813,-147.9356,9.1,1.7,ml,,,,0.56,ak,ak15068419,2017-01-13T17:12:31.171Z,"29km S of Ester, Alaska",earthquake,,0.2,,,automatic,ak,ak
2017-01-13T16:52:52.510Z,47.3,-113.1318333,15.48,0.75,ml,7,239,0.253,0.12,mb,mb80196754,2017-01-13T19:03:47.430Z,"29km ENE of Seeley Lake, Montana",earthquake,1.2,0.74,,0,reviewed,mb,mb
2017-01-13T16:47:02.470Z,38.8436661,-122.8311691,1.81,0.43,md,7,111,0.006089,0.01,nc,nc72751700,2017-01-13T16:48:42.612Z,"9km WNW of Cobb, California",earthquake,0.47,0.84,0.15,2,automatic,nc,nc
2017-01-13T16:39:25.560Z,0.0313,125.066,46.01,5.7,mb,,37,2.415,1.33,us,us10007t3y,2017-01-13T20:14:06.040Z,"106km SE of Modayag, Indonesia",earthquake,6.8,7.7,0.071,71,reviewed,us,us
2017-01-13T16:36:16.280Z,38.8376656,-122.8296661,1.99,0.19,md,9,59,0.004639,0.02,nc,nc72751695,2017-01-13T16:37:57.779Z,"9km W of Cobb, California",earthquake,0.34,0.74,0.11,2,automatic,nc,nc
2017-01-13T16:32:54.171Z,38.3667,-118.9017,11.5,0.8,ml,8,144.36,0.332,0.0889,nn,nn00573894,2017-01-14T00:40:31.617Z,"29km SW of Hawthorne, Nevada",earthquake,,7.8,0.3,5,reviewed,nn,nn
2017-01-13T16:32:05.510Z,38.0517,-118.9936,10.8,1.3,ml,8,100.19,0.415,0.1817,nn,nn00573761,2017-01-13T16:52:16.791Z,"30km SE of Bridgeport, California",earthquake,,14.7,0.21,4,reviewed,nn,nn
2017-01-13T16:06:18.200Z,32.9743333,-115.542,5.69,2.36,ml,32,84,0.07203,0.26,ci,ci37567335,2017-01-14T02:25:33.730Z,"1km WSW of Brawley, CA",earthquake,0.29,0.6,0.122,53,reviewed,ci,ci
2017-01-13T16:04:59.958Z,61.4302,-147.7518,22.6,1.5,ml,,,,0.59,ak,ak15068158,2017-01-13T16:10:28.114Z,"67km ESE of Lazy Mountain, Alaska",earthquake,,0.3,,,automatic,ak,ak
2017-01-13T15:40:50.512Z,63.5308,-147.7145,14.9,1.4,ml,,,,0.53,ak,ak15067910,2017-01-13T15:46:05.373Z,"63km ENE of Cantwell, Alaska",earthquake,,0.4,,,automatic,ak,ak
2017-01-13T15:30:48.368Z,62.6075,-148.987,56.9,1.3,ml,,,,0.39,ak,ak15067906,2017-01-13T15:37:50.915Z,"65km ENE of Talkeetna, Alaska",earthquake,,0.7,,,automatic,ak,ak
2017-01-13T15:28:41.110Z,38.696167,-122.6986694,2.63,1,md,5,184,0.0669,0.11,nc,nc72751690,2017-01-13T15:30:21.391Z,"9km SW of Middletown, California",earthquake,4.08,8.24,,1,automatic,nc,nc
2017-01-13T15:25:26.310Z,19.173,-155.6701667,11.897,1.31,md,11,169,0.07505,0.1,hv,hv61560746,2017-01-14T00:25:32.190Z,"15km NE of Hawaiian Ocean View, Hawaii",earthquake,0.59,1.21,0.138,7,reviewed,hv,hv
2017-01-13T15:15:14.590Z,38.8380013,-122.8249969,1.45,0.83,md,11,73,0.008213,0.02,nc,nc72751680,2017-01-13T15:16:53.997Z,"8km NW of The Geysers, California",earthquake,0.25,0.63,0.22,3,automatic,nc,nc
2017-01-13T15:12:25.349Z,37.9794,-118.2406,1.7,1.7,ml,14,97.39,0.343,0.2312,nn,nn00573754,2017-01-13T16:55:38.043Z,"67km NNE of Dixon Lane-Meadow Creek, California",earthquake,,3.3,0.26,12,reviewed,nn,nn
2017-01-13T14:49:19.130Z,34.0386667,-117.2731667,14.89,1.79,ml,70,28,0.07897,0.2,ci,ci37567311,2017-01-13T15:22:32.390Z,"2km SW of Loma Linda, CA",earthquake,0.23,0.42,0.122,25,reviewed,ci,ci
2017-01-13T14:47:46.447Z,64.968,-150.889,16.1,1.4,ml,,,,0.44,ak,ak15067902,2017-01-13T14:55:48.910Z,"12km WSW of Manley Hot Springs, Alaska",earthquake,,0.2,,,automatic,ak,ak
2017-01-13T14:37:01.300Z,44.7813333,-111.3936667,4.51,0.88,ml,13,69,0.056,0.09,mb,mb80196674,2017-01-13T15:28:11.840Z,"26km WNW of West Yellowstone, Montana",earthquake,0.24,0.49,0.007,3,reviewed,mb,mb
2017-01-13T14:35:51.320Z,36.0625,-118.065,3.39,1.05,ml,16,82,0.1517,0.17,ci,ci37567303,2017-01-13T15:21:28.085Z,"11km W of Coso Junction, CA",earthquake,0.3,1.11,0.127,13,reviewed,ci,ci
2017-01-13T14:29:14.420Z,19.4045,-155.2806667,1.35,0.63,md,22,35,0.007497,0.07,hv,hv61560726,2017-01-13T18:29:53.230Z,"5km WSW of Volcano, Hawaii",earthquake,0.14,0.17,0.145,6,reviewed,hv,hv
2017-01-13T14:21:28.130Z,19.4003333,-155.2496667,37.928,1.74,md,37,57,0.01483,0.07,hv,hv61560721,2017-01-14T01:04:06.110Z,"3km SSW of Volcano, Hawaii",earthquake,0.81,1.31,0.094,18,reviewed,hv,hv
2017-01-13T14:15:05.660Z,38.8375015,-122.7868347,1.58,0.89,md,14,81,0.002887,0.02,nc,nc72751665,2017-01-13T14:16:42.813Z,"5km WNW of Cobb, California",earthquake,0.29,0.34,,4,automatic,nc,nc
2017-01-13T14:11:43.380Z,38.8235016,-122.796669,2.84,0.88,md,9,71,0.01047,0.03,nc,nc72751660,2017-01-13T14:13:24.135Z,"6km W of Cobb, California",earthquake,0.49,0.53,0.42,4,automatic,nc,nc
2017-01-13T14:11:28.160Z,38.8250008,-122.7953339,2.52,1.31,md,19,60,0.01162,0.02,nc,nc72751655,2017-01-13T14:26:03.014Z,"6km W of Cobb, California",earthquake,0.28,0.46,0.2,5,automatic,nc,nc
2017-01-13T14:07:59.040Z,47.3213333,-113.118,18.15,1.17,ml,15,168,0.268,0.11,mb,mb80196709,2017-01-13T18:21:00.610Z,"31km ENE of Seeley Lake, Montana",earthquake,0.46,1.29,0.041,2,reviewed,mb,mb
2017-01-13T14:01:06.189Z,63.214,-151.0177,0,1.6,ml,,,,0.45,ak,ak15067652,2017-01-13T14:12:05.934Z,"105km W of Cantwell, Alaska",earthquake,,0.6,,,automatic,ak,ak
2017-01-13T13:45:48.370Z,33.6996667,-116.7126667,16.37,0.41,ml,21,103,0.01441,0.1,ci,ci37567295,2017-01-13T15:21:08.382Z,"4km S of Idyllwild, CA",earthquake,0.26,0.35,0.143,8,reviewed,ci,ci
2017-01-13T13:41:44.380Z,19.1086667,-155.4695,29.657,1.8,md,48,175,0.04702,0.09,hv,hv61560551,2017-01-13T18:52:49.670Z,"10km S of Pahala, Hawaii",earthquake,0.51,0.8,0.119,21,reviewed,hv,hv
2017-01-13T13:32:40.450Z,33.9175,-116.705,13.56,0.7,ml,37,57,0.1136,0.1,ci,ci37567287,2017-01-13T15:17:20.669Z,"8km E of Cabazon, CA",earthquake,0.13,0.37,0.146,17,reviewed,ci,ci
2017-01-13T13:26:05.530Z,47.303,-113.1238333,5.69,0.59,ml,5,226,0.259,0.2,mb,mb80196749,2017-01-13T18:57:12.630Z,"30km ENE of Seeley Lake, Montana",earthquake,1.45,11.28,,0,reviewed,mb,mb
2017-01-13T13:14:48.660Z,-58.9019,-26.2726,160.7,5,mb,,87,15.949,0.53,us,us10007t3c,2017-01-13T13:32:45.040Z,"20km NE of Bristol Island, South Sandwich Islands",earthquake,11.8,7.8,0.065,76,reviewed,us,us
2017-01-13T13:12:14.270Z,34.671,-116.2255,5.88,1.32,ml,16,81,0.06222,0.16,ci,ci37567279,2017-01-13T14:29:27.606Z,"8km SW of Ludlow, CA",earthquake,0.33,0.87,0.122,20,reviewed,ci,ci
2017-01-13T13:09:07.860Z,49.2013333,-119.4638333,0.1,1.94,ml,12,191,0.1609,0.27,uw,uw61228527,2017-01-13T18:42:37.390Z,"6km ENE of Oliver, Canada",earthquake,0.98,1.13,0.069,13,reviewed,uw,uw
2017-01-13T12:45:52.090Z,39.8658333,-120.7348328,-1.55,2.63,md,10,138,0.2123,0.3,nc,nc72751645,2017-01-13T16:11:50.546Z,"16km SE of East Quincy, California",earthquake,1.26,4.13,0.33,6,automatic,nc,nc
2017-01-13T12:39:49.450Z,34.233,-117.4788333,8.42,0.66,ml,24,55,0.003138,0.16,ci,ci37567271,2017-01-13T15:06:00.893Z,"4km SSE of Lytle Creek, CA",earthquake,0.25,0.46,0.114,7,reviewed,ci,ci
2017-01-13T12:38:18.160Z,33.5138333,-116.4485,7.86,0.38,ml,15,102,0.0213,0.15,ci,ci37567263,2017-01-13T14:30:14.262Z,"21km SW of La Quinta, CA",earthquake,0.35,0.72,0.111,8,reviewed,ci,ci
2017-01-13T12:31:04.900Z,36.0235,-120.5785,3.95,0.56,md,12,129,0.03675,0.02,nc,nc72751640,2017-01-13T19:20:16.010Z,"23km WSW of Coalinga, California",earthquake,0.34,0.64,0.09,6,reviewed,nc,nc
2017-01-13T12:28:39.820Z,26.5837,127.8165,52.85,4.6,mb,,70,0.479,1.08,us,us10007t3b,2017-01-17T13:28:25.779Z,"15km W of Nago, Japan",earthquake,7.5,7.3,0.082,44,reviewed,us,us
2017-01-13T12:23:53.289Z,64.579,-149.8282,17.9,1.5,ml,,,,0.67,ak,ak15067399,2017-01-13T12:36:49.093Z,"34km W of North Nenana, Alaska",earthquake,,0.1,,,automatic,ak,ak
2017-01-13T12:18:29.406Z,61.4843,-151.2699,83.2,3.4,ml,,,,0.6,ak,ak15067389,2017-01-13T12:36:48.859Z,"70km W of Big Lake, Alaska",earthquake,,0.4,,,automatic,ak,ak
2017-01-13T12:04:54.126Z,38.3927,-118.9108,7.3,1.1,ml,9,146.66,0.131,0.1562,nn,nn00573752,2017-01-13T16:43:02.863Z,"28km WSW of Hawthorne, Nevada",earthquake,,7.1,0.27,5,reviewed,nn,nn
2017-01-13T12:04:39.962Z,64.4609,-147.7329,15.4,1.3,ml,,,,0.4,ak,ak15067386,2017-01-13T12:19:28.211Z,"37km SSW of North Pole, Alaska",earthquake,,0.2,,,automatic,ak,ak
2017-01-13T11:57:31.740Z,38.8338333,-122.7715,1.65,0.27,md,19,95,0.003579,0.03,nc,nc72751635,2017-01-13T18:16:59.327Z,"4km WNW of Cobb, California",earthquake,0.19,0.26,0.041,4,reviewed,nc,nc
2017-01-13T11:56:18.023Z,63.3348,-144.8831,0,1.8,ml,,,,0.78,ak,ak15067383,2017-01-13T12:08:31.988Z,"62km SSE of Deltana, Alaska",earthquake,,0.2,,,automatic,ak,ak
2017-01-13T11:48:41.410Z,19.4175,-155.667,11.859,0.86,md,11,133,0.03998,0.1,hv,hv61560461,2017-01-14T00:39:10.700Z,"21km ESE of Honaunau-Napoopoo, Hawaii",earthquake,0.72,1.4,0.065,5,reviewed,hv,hv
2017-01-13T11:48:09.910Z,19.4278333,-155.2716667,1.242,0.57,md,9,213,0.003835,0.05,hv,hv61560456,2017-01-14T00:45:17.390Z,"3km W of Volcano, Hawaii",earthquake,0.58,0.5,0.05,6,reviewed,hv,hv
2017-01-13T11:45:12.700Z,18.1737,-66.151,35,2.2,Md,4,140.4,0.21110409,0.07,pr,pr17013004,2017-01-13T15:55:54.078Z,"1km ESE of Cidra, Puerto Rico",earthquake,0.7,1.7,0,2,reviewed,pr,pr
2017-01-13T11:37:28.870Z,33.674,-116.7258333,14.27,0.4,ml,17,97,0.04165,0.12,ci,ci37567255,2017-01-13T14:30:16.422Z,"7km S of Idyllwild, CA",earthquake,0.41,0.52,0.095,12,reviewed,ci,ci
2017-01-13T11:27:17.663Z,60.0608,-140.1508,9.1,1.6,ml,,,,0.79,ak,ak15067137,2017-01-13T11:35:44.872Z,"61km NNW of Yakutat, Alaska",earthquake,,0.2,,,automatic,ak,ak
2017-01-13T10:57:53.290Z,60.1613,-151.7013,54.4,1.9,ml,,,,0.43,ak,ak15067133,2017-01-13T11:08:40.986Z,"31km SW of Cohoe, Alaska",earthquake,,0.8,,,automatic,ak,ak
2017-01-13T10:55:03.790Z,19.5813333,-156.0186667,36.12,1.89,md,17,206,0.07171,0.1,hv,hv61560426,2017-01-14T01:19:19.540Z,"6km SSW of Kailua-Kona, Hawaii",earthquake,0.83,1.57,0.003,6,reviewed,hv,hv
2017-01-13T10:47:47.816Z,59.8827,-151.7506,35,1.4,ml,,,,0.4,ak,ak15067131,2017-01-13T10:53:43.238Z,"12km NNE of Anchor Point, Alaska",earthquake,,2.8,,,automatic,ak,ak
2017-01-13T10:43:17.070Z,47.3175,-113.1263333,20.91,3.01,ml,26,87,0.261,0.18,mb,mb80196669,2017-01-13T14:59:15.910Z,"31km ENE of Seeley Lake, Montana",earthquake,0.56,0.79,0.321,12,reviewed,mb,mb
2017-01-13T10:43:10.880Z,47.3246667,-113.1191667,20.85,2,ml,20,168,0.268,0.17,mb,mb80196679,2017-01-13T15:12:14.360Z,"32km ENE of Seeley Lake, Montana",earthquake,0.7,1.19,,0,reviewed,mb,mb
2017-01-13T10:34:12.936Z,61.5953,-151.6245,76.9,2,ml,,,,0.62,ak,ak15067126,2017-01-13T10:49:00.653Z,"85km W of Willow, Alaska",earthquake,,0.4,,,automatic,ak,ak
2017-01-13T10:24:22.690Z,38.8251648,-122.7783356,1.44,0.88,md,11,77,0.008447,0.01,nc,nc72751615,2017-01-13T10:26:00.999Z,"4km W of Cobb, California",earthquake,0.38,0.48,0.05,3,automatic,nc,nc
2017-01-13T09:51:00.288Z,36.6968,-116.2967,4.1,-0.1,ml,14,96.44,0.062,0.1269,nn,nn00573750,2017-01-13T17:58:22.213Z,"47km ESE of Beatty, Nevada",earthquake,,2,0.15,7,reviewed,nn,nn
2017-01-13T09:49:55.470Z,36.6531677,-121.2853317,6.24,1.49,md,9,146,0.0164,0.06,nc,nc72751610,2017-01-13T10:05:02.487Z,"19km SSE of Ridgemark, California",earthquake,0.58,1.66,0.3,9,automatic,nc,nc
2017-01-13T09:47:45.180Z,33.6885,-116.708,16.29,0.61,ml,19,55,0.02574,0.17,ci,ci37567247,2017-01-13T14:30:18.375Z,"6km S of Idyllwild, CA",earthquake,0.5,0.64,0.186,12,reviewed,ci,ci
2017-01-13T09:46:09.615Z,63.2017,-150.2801,97.1,1.9,ml,,,,0.73,ak,ak15067116,2017-01-13T09:59:04.767Z,"69km WSW of Cantwell, Alaska",earthquake,,0.7,,,automatic,ak,ak
2017-01-13T09:44:41.666Z,59.4458,-150.7441,31.2,1.1,ml,,,,0.17,ak,ak15067115,2017-01-13T22:12:49.895Z,"44km SE of Fritz Creek, Alaska",earthquake,,0.3,,,reviewed,ak,ak
2017-01-13T09:33:47.540Z,33.503,-116.5093333,15.1,0.4,ml,19,103,0.07277,0.15,ci,ci37567239,2017-01-13T14:30:33.889Z,"16km ESE of Anza, CA",earthquake,0.39,0.61,0.129,7,reviewed,ci,ci
2017-01-13T09:32:05.090Z,38.8131676,-122.8144989,2.29,0.96,md,12,139,0.01078,0.06,nc,nc72751605,2017-01-13T09:33:41.073Z,"6km NW of The Geysers, California",earthquake,0.51,0.59,0.13,5,automatic,nc,nc
2017-01-13T09:24:23.199Z,37.9879,-118.2201,3.5,2.3,ml,19,41.47,0.346,0.1786,nn,nn00573749,2017-01-13T17:45:48.708Z,"68km NNE of Dixon Lane-Meadow Creek, California",earthquake,,1.5,0.21,12,reviewed,nn,nn
2017-01-13T09:22:12.660Z,38.8136673,-122.8148346,2.66,0.97,md,11,109,0.0104,0.03,nc,nc72751595,2017-01-13T09:23:51.378Z,"6km NW of The Geysers, California",earthquake,0.38,0.58,0.14,4,automatic,nc,nc
2017-01-13T09:15:50.920Z,47.64,-113.7818333,5.99,-0.18,md,5,187,0.272,0.03,mb,mb80196744,2017-01-13T18:51:02.500Z,"25km E of Pablo, Montana",earthquake,0.83,6.42,,1,reviewed,mb,mb
2017-01-13T09:15:47.092Z,61.7557,-148.2476,7.5,1.6,ml,,,,0.51,ak,ak15066866,2017-01-13T09:22:15.824Z,"32km E of Sutton-Alpine, Alaska",earthquake,,0.2,,,automatic,ak,ak
2017-01-13T09:15:42.590Z,37.5213333,-113.0986667,1.6,0.37,ml,6,88,0.07447,0.16,uu,uu60181557,2017-01-13T15:25:27.200Z,"17km S of Cedar City, Utah",earthquake,0.99,11.75,0.292,3,reviewed,uu,uu
2017-01-13T09:09:17.310Z,34.3065,-116.9158333,2.3,1.09,ml,54,32,0.04428,0.16,ci,ci37567223,2017-01-13T15:00:12.365Z,"7km N of Big Bear Lake, CA",earthquake,0.15,0.25,0.118,26,reviewed,ci,ci
2017-01-13T08:55:42.997Z,61.7287,-148.2393,17.8,0.9,ml,,,,1.05,ak,ak15066863,2017-01-13T09:01:55.516Z,"33km ESE of Sutton-Alpine, Alaska",earthquake,,0.2,,,automatic,ak,ak
2017-01-13T08:50:31.500Z,20.179,-155.8396667,36.696,2.4,ml,29,145,0.05732,0.12,hv,hv61560231,2017-01-14T01:39:41.560Z,"6km S of Hawi, Hawaii",earthquake,0.69,0.76,0.199,11,reviewed,hv,hv
2017-01-13T08:40:57.170Z,38.7878342,-122.8566666,17.07,0.93,md,8,226,0.03004,0.03,nc,nc72751585,2017-01-13T08:42:36.310Z,"8km W of The Geysers, California",earthquake,3.79,5.42,0.24,2,automatic,nc,nc
2017-01-13T08:39:06.630Z,36.0741667,-117.6783333,2,1.42,ml,13,168,0.08573,0.11,ci,ci37567215,2017-01-13T14:30:52.637Z,"24km E of Coso Junction, CA",earthquake,0.25,0.35,0.259,18,reviewed,ci,ci
2017-01-13T08:29:00.376Z,61.6742,-147.4856,32.5,1.1,ml,,,,0.87,ak,ak15066862,2017-01-13T08:34:01.730Z,"73km E of Sutton-Alpine, Alaska",earthquake,,0.2,,,automatic,ak,ak
2017-01-13T08:24:01.750Z,37.5493333,-113.6713333,2.2,1.21,md,6,157,0.1715,0.17,uu,uu60181552,2017-01-13T15:11:03.190Z,"5km ESE of Enterprise, Utah",earthquake,0.78,4.43,0.27,5,reviewed,uu,uu
2017-01-13T08:19:46.354Z,58.7082,-134.3854,0,1.4,ml,,,,0.56,ak,ak15066861,2017-01-13T08:27:48.507Z,"45km N of Juneau, Alaska",earthquake,,0.6,,,automatic,ak,ak
2017-01-13T08:15:38.948Z,38.3616,-118.912,13.9,0.9,ml,4,228.81,0.338,0.0204,nn,nn00573917,2017-01-14T01:58:18.159Z,"30km SW of Hawthorne, Nevada",earthquake,,3.9,0.09,2,reviewed,nn,nn
2017-01-13T08:01:38.281Z,64.6661,-149.3225,22.7,0.2,ml,,,,0.59,ak,ak15066856,2017-01-13T22:00:56.193Z,"13km NW of North Nenana, Alaska",earthquake,,0.5,,,reviewed,ak,ak
2017-01-13T07:57:53.990Z,46.8148333,-112.2898333,12.68,0.73,ml,8,108,0.072,0.04,mb,mb80196704,2017-01-13T18:14:26.920Z,"19km WNW of Helena Valley Northwest, Montana",earthquake,0.28,0.43,0.2,2,reviewed,mb,mb
2017-01-13T07:49:35.970Z,37.5798333,-119.013,2.23,0.27,md,10,226,0.03232,0.09,nc,nc72751580,2017-01-13T19:12:41.012Z,"8km SSW of Mammoth Lakes, California",earthquake,1,0.78,0.138,8,reviewed,nc,nc
2017-01-13T07:47:22.334Z,37.3112,-115.8901,0,-0.3,ml,4,301.84,0.191,0.1316,nn,nn00573915,2017-01-14T01:49:04.274Z,"64km W of Alamo, Nevada",earthquake,,0,0,1,reviewed,nn,nn
2017-01-13T07:35:43.510Z,33.309,-116.4035,5.47,0.78,ml,24,103,0.04227,0.22,ci,ci37567207,2017-01-13T14:30:50.472Z,"6km NNW of Borrego Springs, CA",earthquake,0.38,1.23,0.15,18,reviewed,ci,ci
2017-01-13T07:33:34.805Z,36.7042,-116.3184,8.1,-0.1,ml,13,130.32,0.061,0.1062,nn,nn00573908,2017-01-14T01:20:57.195Z,"45km ESE of Beatty, Nevada",earthquake,,1.4,0.45,3,reviewed,nn,nn
2017-01-13T07:28:07.220Z,46.2825,-122.0728333,8.31,0.11,ml,9,197,0.05825,0.12,uw,uw61228497,2017-01-13T18:26:21.820Z,"34km SSE of Morton, Washington",earthquake,0.63,0.79,0.116,5,reviewed,uw,uw
2017-01-13T07:10:17.010Z,61.5145,-151.0212,79.2,0.9,ml,,,,0.06,ak,ak15066612,2017-01-13T07:19:05.160Z,"56km W of Big Lake, Alaska",earthquake,,1,,,automatic,ak,ak
2017-01-13T07:04:34.494Z,38.3995,-118.8696,14.7,0.8,ml,3,285.22,0.322,0.0378,nn,nn00573903,2017-01-14T01:08:28.448Z,"25km WSW of Hawthorne, Nevada",earthquake,,11.3,0,1,reviewed,nn,nn
2017-01-13T06:58:34.013Z,65.5199,-149.842,6.7,1.6,ml,,,,0.67,ak,ak15066608,2017-01-13T07:14:52.889Z,"68km NNE of Manley Hot Springs, Alaska",earthquake,,0.2,,,automatic,ak,ak
2017-01-13T06:42:58.760Z,-6.2452,147.5543,65.58,4.7,mb,,89,3.163,0.61,us,us10007t19,2017-01-13T08:09:34.040Z,"52km NW of Finschhafen, Papua New Guinea",earthquake,7.8,5.5,0.113,24,reviewed,us,us
2017-01-13T06:42:51.070Z,38.8246651,-122.8590012,2.35,1.49,md,22,70,0.003322,0.04,nc,nc72751570,2017-01-13T06:57:03.118Z,"10km WNW of The Geysers, California",earthquake,0.24,0.46,0.19,6,automatic,nc,nc
2017-01-13T06:39:16.518Z,38.7031,-118.8145,14,0.7,ml,6,158.8,0.24,0.1522,nn,nn00573902,2017-01-14T01:02:06.301Z,"25km NW of Hawthorne, Nevada",earthquake,,5.8,0.17,2,reviewed,nn,nn
2017-01-13T06:30:22.900Z,33.6658333,-116.925,15.13,0.7,ml,24,42,0.02121,0.1,ci,ci37567199,2017-01-13T14:31:07.160Z,"10km SSW of Valle Vista, CA",earthquake,0.25,0.32,0.121,20,reviewed,ci,ci
2017-01-13T06:22:33.399Z,38.3658,-118.8895,14.4,0.8,ml,5,172.09,0.315,0.1251,nn,nn00573734,2017-01-13T19:50:01.117Z,"29km SW of Hawthorne, Nevada",earthquake,,2.4,0.08,2,reviewed,nn,nn
2017-01-13T06:14:05.139Z,38.4281,-118.8718,11.9,0.6,ml,3,292.25,0.338,0.0353,nn,nn00573896,2017-01-14T00:43:37.739Z,"24km WSW of Hawthorne, Nevada",earthquake,,30.9,0.09,2,reviewed,nn,nn
2017-01-13T06:13:03.397Z,38.375,-118.9274,0,0.7,ml,3,251.64,0.333,0.283,nn,nn00573895,2017-01-14T00:40:33.319Z,"29km ENE of Bridgeport, California",earthquake,,0,0,1,reviewed,nn,nn
2017-01-13T06:10:20.780Z,12.2459,141.0757,10,4.8,mb,,59,3.931,0.6,us,us10007t18,2017-01-13T06:45:07.040Z,"280km NNE of Fais, Micronesia",earthquake,10.9,1.9,0.086,42,reviewed,us,us
2017-01-13T06:05:45.842Z,61.3924,-149.8723,36,1.6,ml,,,,0.5,ak,ak15066598,2017-01-13T06:12:11.759Z,"15km SSE of Big Lake, Alaska",earthquake,,1.1,,,automatic,ak,ak
2017-01-13T06:01:59.740Z,33.9466667,-116.6026667,14.05,0.71,ml,26,49,0.02316,0.25,ci,ci37567191,2017-01-13T14:31:10.183Z,"7km NW of Garnet, CA",earthquake,0.42,1.07,0.108,26,reviewed,ci,ci
2017-01-13T06:00:32.040Z,33.4846667,-116.4628333,14.9,0.62,ml,22,104,0.04955,0.18,ci,ci37567183,2017-01-13T14:31:28.206Z,"21km ESE of Anza, CA",earthquake,0.49,0.92,0.101,15,reviewed,ci,ci
2017-01-13T05:59:29.740Z,37.5673333,-119.0041667,1.45,0.33,md,11,226,0.04657,0.04,nc,nc72751555,2017-01-13T17:16:48.364Z,"9km SSW of Mammoth Lakes, California",earthquake,1.4,2.92,0.144,9,reviewed,nc,nc
2017-01-13T05:58:30.440Z,38.4231,-118.9038,7.3,1.1,ml,10,83.04,0.114,0.161,nn,nn00573768,2017-01-13T17:05:12.777Z,"26km WSW of Hawthorne, Nevada",earthquake,,1.7,0.15,2,reviewed,nn,nn
2017-01-13T05:51:42.855Z,39.1503,-118.0975,13.9,0.6,ml,4,187.6,0.102,0.0427,nn,nn00573892,2017-01-14T00:37:22.327Z,"34km NNW of Gabbs, Nevada",earthquake,,3.5,0.8,4,reviewed,nn,nn
2017-01-13T05:49:50.350Z,46.3173333,-122.0265,5.81,0.61,ml,8,319,0.1055,0.18,uw,uw61228482,2017-01-13T18:48:22.700Z,"32km SE of Morton, Washington",earthquake,1.14,3.12,0.11,4,reviewed,uw,uw
2017-01-13T05:46:08.690Z,52.539,-176.334,176.54,4.5,mb,,112,0.692,0.62,us,us10007t12,2017-01-13T20:52:49.986Z,"76km NNE of Adak, Alaska",earthquake,9.1,13.5,0.046,136,reviewed,us,us
2017-01-13T05:32:23.563Z,41.8994,-119.637,9.4,1.8,ml,5,216.7,0.129,0.1065,nn,nn00573726,2017-01-13T05:55:47.741Z,"66km ESE of Lakeview, Oregon",earthquake,,4,0.29,4,reviewed,nn,nn
2017-01-13T05:31:58.860Z,-10.6853,161.9326,33.95,4.7,mb,,52,2.314,0.85,us,us10007t0y,2017-01-13T06:01:47.040Z,"25km S of Kirakira, Solomon Islands",earthquake,7.6,5.7,0.106,27,reviewed,us,us
2017-01-13T05:31:41.740Z,47.308,-113.132,20.36,0.43,ml,6,229,0.255,0.03,mb,mb80196734,2017-01-13T18:45:22.440Z,"30km ENE of Seeley Lake, Montana",earthquake,0.84,1.4,,0,reviewed,mb,mb
2017-01-13T05:30:52.060Z,-6.7621,68.5457,10,5.1,mb,,121,3.93,1.18,us,us10007t0z,2017-01-13T05:57:00.040Z,"Chagos Archipelago region",earthquake,9.3,1.8,0.078,54,reviewed,us,us
2017-01-13T05:21:26.030Z,32.9736667,-115.5376667,3.11,1.44,ml,21,80,0.07437,0.23,ci,ci37567103,2017-01-13T14:48:36.760Z,"1km SW of Brawley, CA",earthquake,0.31,0.46,0.257,14,reviewed,ci,ci
2017-01-13T05:12:42.026Z,38.287,-118.8283,5.4,0.8,ml,4,297.1,0.257,0.0285,nn,nn00573891,2017-01-14T00:25:02.733Z,"31km SW of Hawthorne, Nevada",earthquake,,56.7,0,1,reviewed,nn,nn
2017-01-13T05:10:39.600Z,33.4545,-116.9213333,13.06,1.69,ml,57,36,0.112,0.22,ci,ci37567095,2017-01-13T14:32:13.920Z,"5km WNW of Aguanga, CA",earthquake,0.21,0.63,0.146,26,reviewed,ci,ci
2017-01-13T05:06:45.820Z,46.755,-112.088,4.99,1.55,ml,16,135,0.167,0.1,mb,mb80196664,2017-01-13T15:20:27.740Z,"3km NNW of Helena Valley Northwest, Montana",earthquake,0.38,1.25,0.039,2,reviewed,mb,mb
2017-01-13T04:51:34.549Z,38.3594,-118.9191,7.6,0.8,ml,6,178.49,0.316,0.1475,nn,nn00573890,2017-01-14T00:21:58.101Z,"29km ENE of Bridgeport, California",earthquake,,2.8,0.05,2,reviewed,nn,nn
2017-01-13T04:46:56.373Z,63.1103,-150.8005,133.1,1.8,ml,,,,0.4,ak,ak15066340,2017-01-13T04:59:56.543Z,"94km NNW of Talkeetna, Alaska",earthquake,,0.5,,,automatic,ak,ak
2017-01-13T04:46:37.017Z,38.4152,-118.9261,8.4,1.2,ml,8,174.85,0.133,0.1647,nn,nn00573722,2017-01-13T19:43:45.429Z,"28km WSW of Hawthorne, Nevada",earthquake,,1.6,0.09,3,reviewed,nn,nn
2017-01-13T04:46:17.900Z,18.9843,-65.3216,73,3,Md,4,266.4,0.67373646,0.27,pr,pr17013003,2017-01-13T08:42:21.324Z,"75km N of Culebra, Puerto Rico",earthquake,7.5,9.6,0,3,reviewed,pr,pr
2017-01-13T04:42:53.300Z,19.2455,-65.3405,35,3,Md,9,270,0.9342479,0.23,pr,pr17013002,2017-01-13T11:28:17.204Z,"104km NNE of Luquillo, Puerto Rico",earthquake,2.7,15.6,0,6,reviewed,pr,pr
2017-01-13T04:31:58.980Z,46.1968333,-122.178,6.12,-0.15,ml,5,236,0.04067,0.04,uw,uw61228472,2017-01-13T18:55:41.420Z,"38km NNE of Amboy, Washington",earthquake,0.53,0.44,0.063,3,reviewed,uw,uw
2017-01-13T04:28:13.890Z,47.2973333,-113.1628333,19.02,0.5,ml,7,191,0.232,0.12,mb,mb80196724,2017-01-13T18:39:36.650Z,"27km ENE of Seeley Lake, Montana",earthquake,0.87,1.35,,0,reviewed,mb,mb
2017-01-13T04:25:43.007Z,61.5657,-149.6999,34,1.6,ml,,,,0.63,ak,ak15066114,2017-01-13T04:39:35.948Z,"7km NW of Knik-Fairview, Alaska",earthquake,,0.2,,,automatic,ak,ak
2017-01-13T04:20:52.940Z,41.0726667,-121.9578333,3.84,1.22,md,5,169,0.2364,0.09,nc,nc72751540,2017-01-13T17:00:03.345Z,"25km SE of McCloud, California",earthquake,1.01,8.83,0.172,5,reviewed,nc,nc
2017-01-13T04:13:06.220Z,36.0238333,-117.772,1.41,0.7,ml,16,111,0.005634,0.11,ci,ci37567087,2017-01-13T14:45:04.869Z,"16km NE of Little Lake, CA",earthquake,0.17,0.12,0.183,11,reviewed,ci,ci
2017-01-13T04:08:52.102Z,38.4018,-118.9156,10.7,0.9,ml,4,241.71,0.355,0.1213,nn,nn00573882,2017-01-13T23:56:57.468Z,"28km WSW of Hawthorne, Nevada",earthquake,,7.3,0,1,reviewed,nn,nn
2017-01-13T04:03:18.590Z,36.5738333,-121.128,10.6,2.43,md,47,65,0.04999,0.04,nc,nc72751530,2017-01-14T01:33:03.515Z,"24km NE of Soledad, California",earthquake,0.11,0.23,0.19,68,reviewed,nc,nc
2017-01-13T03:58:38.380Z,38.8185005,-122.7958298,2.44,1.23,md,17,73,0.01053,0.02,nc,nc72751525,2017-01-13T04:14:02.796Z,"5km NW of The Geysers, California",earthquake,0.24,0.47,0.1,6,automatic,nc,nc
2017-01-13T03:55:09.051Z,38.4261,-118.8893,14.7,0.8,ml,6,214.01,0.349,0.1297,nn,nn00573880,2017-01-13T23:53:45.937Z,"25km WSW of Hawthorne, Nevada",earthquake,,2.4,0.18,2,reviewed,nn,nn
2017-01-13T03:53:51.580Z,37.4358333,-118.6258333,3.19,1.35,md,20,148,0.0964,0.08,nc,nc72751520,2017-01-13T17:17:02.398Z,"17km WNW of West Bishop, California",earthquake,0.35,31.61,0.153,17,reviewed,nc,nc
2017-01-13T03:46:05.760Z,36.0226667,-117.769,1.49,0.7,ml,10,85,0.003954,0.07,ci,ci37567071,2017-01-13T17:15:09.586Z,"16km NE of Little Lake, CA",earthquake,0.15,0.17,0.37,3,reviewed,ci,ci
2017-01-13T03:42:48.940Z,19.8411667,-155.3655,29.841,2.44,ml,42,91,0.1072,0.13,hv,hv61559741,2017-01-13T19:17:36.520Z,"27km W of Pepeekeo, Hawaii",earthquake,0.41,1.04,0.168,17,reviewed,hv,hv
2017-01-13T03:36:05.135Z,62.0582,-152.0683,96.6,1.8,ml,,,,0.46,ak,ak15066093,2017-01-13T03:45:39.879Z,"106km WSW of Talkeetna, Alaska",earthquake,,0.9,,,automatic,ak,ak
2017-01-13T03:34:33.951Z,38.362,-118.8967,7.3,1.3,ml,10,91.88,0.14,0.1718,nn,nn00573718,2017-01-14T01:49:01.505Z,"29km SW of Hawthorne, Nevada",earthquake,,3.7,0.18,3,reviewed,nn,nn
2017-01-13T03:25:29.060Z,35.6456,140.7808,32.27,5,mb,,103,2.219,1.48,us,us10007t0n,2017-01-13T16:47:58.409Z,"10km SSW of Hasaki, Japan",earthquake,6.2,4.6,0.051,124,reviewed,us,us
2017-01-13T03:23:14.234Z,38.4018,-118.8896,0,0.7,ml,4,295.28,0.337,0.0859,nn,nn00573847,2017-01-13T21:28:55.124Z,"26km WSW of Hawthorne, Nevada",earthquake,,0,0,1,reviewed,nn,nn
2017-01-13T03:20:45.945Z,38.4177,-118.9051,8.1,1.4,ml,12,124.56,0.116,0.174,nn,nn00573845,2017-01-14T01:42:52.609Z,"27km WSW of Hawthorne, Nevada",earthquake,,1.7,0.38,4,reviewed,nn,nn
2017-01-13T03:17:52.908Z,38.4265,-118.8992,8.9,3.6,ml,24,57.36,0.109,0.1714,nn,nn00573716,2017-01-16T08:03:25.309Z,"26km WSW of Hawthorne, Nevada",earthquake,,1.4,0.22,16,reviewed,nn,nn
2017-01-13T03:15:53.409Z,38.358,-118.8764,17.1,0.8,ml,6,170.12,0.304,0.1638,nn,nn00573715,2017-01-14T01:42:48.344Z,"28km SW of Hawthorne, Nevada",earthquake,,6.3,0.28,3,reviewed,nn,nn
2017-01-13T03:06:13.700Z,18.201,-67.9134,115,3.4,Md,9,324,0.78602587,0.25,pr,pr17013001,2017-01-13T08:37:20.173Z,"66km SE of Punta Cana, Dominican Republic",earthquake,3.4,1.5,0,4,reviewed,pr,pr
2017-01-13T02:52:16.000Z,17.8511,-67.1126,3,1.7,Md,3,331.2,0.13474729,0.21,pr,pr17013000,2017-01-13T04:03:54.225Z,"15km SSE of Pole Ojea, Puerto Rico",earthquake,1.7,16.8,0,3,reviewed,pr,pr
2017-01-13T02:47:41.978Z,63.4636,-150.9006,11.3,0.3,ml,,,,0.4,ak,ak15065874,2017-01-13T21:11:04.658Z,"97km W of Cantwell, Alaska",earthquake,,0.3,,,reviewed,ak,ak
2017-01-13T02:46:19.730Z,46.9583333,-113.0346667,8.18,0.68,md,15,75,0.109,0.19,mb,mb80196699,2017-01-13T16:57:34.750Z,"26km W of Lincoln, Montana",earthquake,0.52,1.25,0.292,3,reviewed,mb,mb
2017-01-13T02:42:27.701Z,36.7229,-116.1132,1.6,-0.2,ml,7,146.07,0.013,0.0664,nn,nn00573760,2017-01-13T16:30:34.309Z,"58km NNW of Pahrump, Nevada",earthquake,,0.8,0.33,5,reviewed,nn,nn
2017-01-13T02:36:48.430Z,38.8458328,-122.8266678,1.64,0.45,md,10,89,0.009187,0.01,nc,nc72751500,2017-01-13T02:38:26.749Z,"9km WNW of Cobb, California",earthquake,0.29,0.68,0.14,2,automatic,nc,nc
2017-01-13T02:35:02.780Z,37.4776667,-118.8555,-0.36,0.45,md,9,331,0.1141,0.04,nc,nc72751505,2017-01-13T16:58:43.730Z,"21km SSE of Mammoth Lakes, California",earthquake,1.75,31.61,0.146,8,reviewed,nc,nc
2017-01-13T02:21:51.380Z,36.0078333,-117.8063333,1.93,0.35,ml,8,121,0.02537,0.06,ci,ci37567055,2017-01-13T15:25:00.885Z,"12km NE of Little Lake, CA",earthquake,0.19,0.2,0.344,5,reviewed,ci,ci
2017-01-13T02:21:06.390Z,37.4841667,-118.8415,7.22,0.45,md,8,330,0.1061,0.04,nc,nc72751495,2017-01-13T16:53:42.393Z,"21km SSE of Mammoth Lakes, California",earthquake,1.38,0.97,0.159,8,reviewed,nc,nc
2017-01-13T02:10:28.360Z,47.6406667,-115.551,5.94,1,ml,6,220,0.557,0.19,mb,mb80196719,2017-01-13T18:32:53.790Z,"16km WNW of Thompson Falls, Montana",earthquake,1.86,31.61,0.048,3,reviewed,mb,mb
2017-01-13T01:20:53.690Z,37.5026,141.4872,13.76,4.5,mb,,118,0.663,0.77,us,us10007t0e,2017-01-13T09:23:31.894Z,"43km E of Namie, Japan",earthquake,3.4,4.6,0.07,59,reviewed,us,us
2017-01-13T01:17:22.230Z,36.652668,-121.932663,6.73,2.77,md,59,174,0.2869,0.11,nc,nc72751475,2017-01-15T14:51:21.108Z,"4km NNW of Pacific Grove, California",earthquake,0.36,1.36,0.16,59,automatic,nc,nc
2017-01-13T01:07:46.499Z,38.4046,-118.9342,0,0.8,ml,3,254.67,0.362,0.041,nn,nn00573759,2017-01-13T16:27:17.029Z,"30km WSW of Hawthorne, Nevada",earthquake,,0,0.08,2,reviewed,nn,nn
2017-01-13T01:02:50.827Z,60.1815,-151.2262,36,1.9,ml,,,,0.64,ak,ak15065652,2017-01-13T01:09:34.037Z,"21km SSE of Cohoe, Alaska",earthquake,,2.9,,,automatic,ak,ak
2017-01-13T01:02:19.121Z,36.6969,-116.2978,4.2,-0.2,ml,9,156.16,0.061,0.0855,nn,nn00573842,2017-01-13T21:13:24.219Z,"47km ESE of Beatty, Nevada",earthquake,,2.9,0,1,reviewed,nn,nn
2017-01-13T00:53:44.609Z,38.3684,-118.9144,10.6,0.8,ml,3,248.71,0.323,0.0216,nn,nn00573758,2017-01-13T16:27:16.558Z,"30km SW of Hawthorne, Nevada",earthquake,,95.3,0,1,reviewed,nn,nn
2017-01-13T00:53:38.187Z,64.4618,-149.4488,16.3,0.8,ml,,,,0.26,ak,ak15065647,2017-01-13T01:01:09.000Z,"20km SW of North Nenana, Alaska",earthquake,,0.3,,,automatic,ak,ak
2017-01-13T00:50:36.255Z,62.998,-151.5473,0,1.5,ml,,,,0.7,ak,ak15065645,2017-01-13T01:05:21.666Z,"105km NW of Talkeetna, Alaska",earthquake,,0.3,,,automatic,ak,ak
2017-01-13T00:43:12.348Z,38.3872,-118.9103,9.5,1,ml,9,178.4,0.133,0.1834,nn,nn00573756,2017-01-13T16:24:10.758Z,"29km WSW of Hawthorne, Nevada",earthquake,,3.9,0.28,4,reviewed,nn,nn
2017-01-13T00:33:31.760Z,63.1951,-150.6557,134.3,1.7,ml,,,,0.36,ak,ak15065431,2017-01-13T00:48:11.932Z,"88km WSW of Cantwell, Alaska",earthquake,,0.8,,,automatic,ak,ak
2017-01-13T00:27:26.000Z,44.3296667,-125.8498333,4.06,2.61,ml,24,320,1.734,0.69,uw,uw61228462,2017-01-13T17:36:51.660Z,"142km W of Waldport, Oregon",earthquake,41.44,57.49,0.195,13,reviewed,uw,uw
2017-01-13T00:27:05.560Z,47.326,-113.1271667,18.1,0.93,md,17,168,0.263,0.14,mb,mb80196624,2017-01-13T15:35:23.180Z,"31km ENE of Seeley Lake, Montana",earthquake,0.59,1.55,0.13,10,reviewed,mb,mb
2017-01-13T00:05:37.050Z,64.9857,-147.3446,4.7,1.5,ml,,,,0.66,ak,ak15065427,2017-01-13T00:20:38.311Z,"22km NNE of Badger, Alaska",earthquake,,0.4,,,automatic,ak,ak
2017-01-12T23:58:05.170Z,34.0046667,-116.9758333,13.22,0.8,ml,14,111,0.08316,0.12,ci,ci37567039,2017-01-13T00:59:10.758Z,"7km ESE of Yucaipa, CA",earthquake,0.25,0.74,0.039,13,reviewed,ci,ci
2017-01-12T23:49:52.341Z,38.3911,-118.9046,10.3,1.1,ml,8,172.89,0.128,0.1331,nn,nn00573689,2017-01-12T23:59:56.086Z,"28km WSW of Hawthorne, Nevada",earthquake,,3.3,0.09,2,reviewed,nn,nn
2017-01-12T23:48:43.330Z,47.6195,-122.7226667,24.15,0.45,ml,5,245,0.08419,0.18,uw,uw61228452,2017-01-13T18:51:31.460Z,"1km NW of Chico, Washington",earthquake,1.35,1.9,0.216,2,reviewed,uw,uw
2017-01-12T23:10:33.460Z,38.1198333,-122.2203333,6.48,2.36,md,95,99,0.03081,0.15,nc,nc72751450,2017-01-15T12:47:21.659Z,"3km ENE of Vallejo, California",earthquake,0.16,0.19,0.155,61,reviewed,nc,nc
2017-01-12T23:07:25.506Z,63.2783,-151.7736,0,2,ml,,,,0.89,ak,ak15065207,2017-01-12T23:18:39.915Z,"136km NW of Talkeetna, Alaska",earthquake,,0.2,,,automatic,ak,ak
2017-01-12T23:06:18.800Z,51.5383,-178.0369,54.74,4,mb,,184,0.633,1.01,us,us10007szk,2017-01-12T23:27:59.040Z,"39km S of Tanaga Volcano, Alaska",earthquake,11.6,10.8,0.066,61,reviewed,us,us
2017-01-12T22:52:46.438Z,62.3588,-148.1909,30.6,1.5,ml,,,,1.15,ak,ak15065203,2017-01-12T23:00:09.507Z,"71km NNE of Sutton-Alpine, Alaska",earthquake,,0.2,,,automatic,ak,ak
2017-01-12T22:48:42.790Z,37.646,-118.9421667,3.9,0.31,md,12,72,0.03022,0.07,nc,nc72751435,2017-01-12T23:44:53.933Z,"2km E of Mammoth Lakes, California",earthquake,0.29,0.58,0.175,9,reviewed,nc,nc
2017-01-12T22:36:25.234Z,60.4121,-147.1582,15.9,1.9,ml,,,,0.96,ak,ak15065090,2017-01-12T22:46:13.914Z,"78km W of Cordova, Alaska",earthquake,,0.3,,,automatic,ak,ak
2017-01-12T22:32:37.960Z,37.6223333,-118.8946667,9.37,0.4,md,5,157,0.007521,0.18,nc,nc72751430,2017-01-12T23:25:48.627Z,"7km ESE of Mammoth Lakes, California",earthquake,9.2,1.26,0.189,4,reviewed,nc,nc
2017-01-12T22:27:40.330Z,38.8250008,-122.7645035,1.67,0.47,md,10,135,0.006906,0.02,nc,nc72751425,2017-01-12T22:29:23.349Z,"3km W of Cobb, California",earthquake,0.32,0.47,0.09,4,automatic,nc,nc
2017-01-12T21:53:24.450Z,33.4973333,-116.7905,5.7,0.39,ml,16,96,0.08114,0.08,ci,ci37567023,2017-01-12T22:18:08.607Z,"9km NE of Aguanga, CA",earthquake,0.19,0.58,0.077,12,reviewed,ci,ci
2017-01-12T21:46:49.780Z,43.6006667,-110.3526667,9.22,0.47,ml,5,291,0.183,0.08,mb,mb80196599,2017-01-13T16:26:28.360Z,"35km ENE of Jackson, Wyoming",earthquake,1.08,2.12,0.347,3,reviewed,mb,mb
2017-01-12T21:46:05.792Z,62.1781,-148.8409,34.7,1.4,ml,,,,0.15,ak,ak15065082,2017-01-12T21:50:21.870Z,"42km N of Sutton-Alpine, Alaska",earthquake,,0.3,,,automatic,ak,ak
2017-01-12T21:30:39.609Z,62.4129,-149.1457,0,1.6,ml,,,,0.67,ak,ak15064870,2017-01-12T21:43:10.619Z,"46km NE of Y, Alaska",earthquake,,0.2,,,automatic,ak,ak
2017-01-12T21:23:34.462Z,38.3999,-118.9343,7.9,1.3,ml,11,128.63,0.144,0.1568,nn,nn00573733,2017-01-13T06:20:24.260Z,"30km WSW of Hawthorne, Nevada",earthquake,,2.4,0.5,5,reviewed,nn,nn
2017-01-12T21:07:56.720Z,33.3288333,-117.1481667,-0.64,1.05,ml,25,123,0.1144,0.26,ci,ci37566975,2017-01-12T21:50:26.619Z,"8km WSW of Pala, CA",quarry blast,0.56,31.61,0.13,13,reviewed,ci,ci
2017-01-12T21:02:22.640Z,38.8363342,-122.7863312,1.54,0.42,md,10,107,0.003757,0.02,nc,nc72751400,2017-01-12T21:04:02.728Z,"5km WNW of Cobb, California",earthquake,0.34,0.62,0.12,3,automatic,nc,nc
2017-01-12T21:00:28.014Z,38.3906,-118.9023,7.8,1.1,ml,9,172.51,0.126,0.1255,nn,nn00573732,2017-01-13T06:17:19.171Z,"28km WSW of Hawthorne, Nevada",earthquake,,2.4,0.28,6,reviewed,nn,nn
2017-01-12T20:43:36.630Z,38.2833,-118.6699,8.2,1.2,ml,9,126.18,0.134,0.1388,nn,nn00573676,2017-01-12T21:01:53.982Z,"27km S of Hawthorne, Nevada",earthquake,,2,0.32,3,reviewed,nn,nn
2017-01-12T20:40:35.890Z,37.58,-113.7156667,0.71,2.6,ml,11,120,0.1629,0.18,uu,uu60181522,2017-01-13T14:13:01.420Z,"0km NNE of Enterprise, Utah",earthquake,0.71,31.61,0.136,4,reviewed,uu,uu
2017-01-12T20:33:45.043Z,64.0252,-148.4849,13,2.4,ml,,,,0.8,ak,ak15064652,2017-01-12T20:45:41.704Z,"30km NE of Healy, Alaska",earthquake,,0.3,,,automatic,ak,ak
2017-01-12T20:33:09.560Z,37.5326667,-113.6723333,3.78,1.79,ml,8,150,0.163,0.09,uu,uu60181517,2017-01-13T14:40:14.640Z,"6km SE of Enterprise, Utah",earthquake,0.5,3.29,0.078,3,reviewed,uu,uu
2017-01-12T20:32:31.250Z,33.7925,-116.152,7.35,2.69,ml,86,35,0.05805,0.15,ci,ci37784416,2017-01-14T18:31:08.299Z,"10km NE of Indio, CA",earthquake,0.12,0.38,0.193,26,reviewed,ci,ci
2017-01-12T20:15:15.410Z,34.9996667,-118.2043333,-0.8,0.98,ml,21,51,0.113,0.19,ci,ci37784408,2017-01-12T21:37:49.226Z,"6km SSW of Mojave, CA",quarry blast,0.38,31.61,0.163,4,reviewed,ci,ci
2017-01-12T20:03:56.023Z,64.5773,-147.9421,17.5,-0.3,ml,,,,0.49,ak,ak15064650,2017-01-13T00:01:00.708Z,"30km SSW of Fairbanks, Alaska",earthquake,,0.1,,,reviewed,ak,ak
2017-01-12T20:02:10.620Z,46.004,-112.4758333,-2,1.36,ml,7,100,0.183,0.08,mb,mb80196549,2017-01-12T21:02:02.990Z,"4km E of Butte, Montana",quarry blast,0.43,31.61,0.147,2,reviewed,mb,mb
2017-01-12T19:49:01.976Z,62.7445,-152.4161,0,1.7,ml,,,,0.89,ak,ak15064644,2017-01-12T20:05:35.919Z,"127km WNW of Talkeetna, Alaska",earthquake,,0.3,,,automatic,ak,ak
2017-01-12T19:43:27.220Z,38.4042,-118.9248,8.5,1.5,ml,9,91.05,0.136,0.1225,nn,nn00573671,2017-01-12T19:59:38.420Z,"29km WSW of Hawthorne, Nevada",earthquake,,2.2,0.04,2,reviewed,nn,nn
2017-01-12T19:42:34.670Z,37.4595,-118.8465,3.34,0.75,md,8,184,0.131,0.03,nc,nc72751390,2017-01-12T19:58:07.533Z,"23km SSE of Mammoth Lakes, California",earthquake,1.08,5.27,0.155,7,reviewed,nc,nc
2017-01-12T19:35:53.579Z,60.7635,-152.4515,111.5,1.7,ml,,,,0.48,ak,ak15064642,2017-01-12T19:43:52.281Z,"34km NNE of Redoubt Volcano, Alaska",earthquake,,1.3,,,automatic,ak,ak
2017-01-12T19:32:33.700Z,45.7926667,-111.7418333,16.05,-0.17,ml,6,113,0.105,0.04,mb,mb80196589,2017-01-12T21:25:09.090Z,"18km SW of Three Forks, Montana",earthquake,0.83,0.4,,0,reviewed,mb,mb
2017-01-12T19:23:57.000Z,-30.4,-71.487,23.8,4.7,mb,,,,1.26,us,us10007sxd,2017-01-13T11:29:39.796Z,"35km NW of Ovalle, Chile",earthquake,6,5.1,0.123,20,reviewed,guc,us
2017-01-12T19:20:57.065Z,59.7711,-152.4913,50,1.3,ml,,,,0.93,ak,ak15064640,2017-01-12T19:27:59.981Z,"37km W of Anchor Point, Alaska",earthquake,,2.6,,,automatic,ak,ak
2017-01-12T19:20:44.600Z,36.4748333,-121.0525,3.2,2.12,md,37,56,0.05682,0.07,nc,nc72751380,2017-01-14T01:21:05.222Z,"24km NE of Greenfield, California",earthquake,0.16,0.71,0.168,36,reviewed,nc,nc
2017-01-12T19:02:48.020Z,37.4626667,-118.8555,2.72,0.92,md,10,301,0.1289,0.02,nc,nc72751375,2017-01-12T19:36:01.960Z,"23km SSE of Mammoth Lakes, California",earthquake,1.38,3.35,0.072,9,reviewed,nc,nc
2017-01-12T19:00:52.400Z,37.4876667,-118.8366667,8.06,0.49,md,7,331,0.1024,0.04,nc,nc72751370,2017-01-12T19:27:59.894Z,"21km SE of Mammoth Lakes, California",earthquake,1.68,2.14,0.149,6,reviewed,nc,nc
2017-01-12T18:58:36.549Z,62.6883,-151.753,10.5,1.4,ml,,,,0.63,ak,ak15064637,2017-01-12T19:02:36.221Z,"93km WNW of Talkeetna, Alaska",earthquake,,0.4,,,automatic,ak,ak
2017-01-12T18:54:49.700Z,33.4366667,-116.4385,10.22,1.3,ml,40,89,0.08716,0.16,ci,ci37784360,2017-01-12T19:56:33.087Z,"21km NNW of Borrego Springs, CA",earthquake,0.18,0.36,0.128,40,reviewed,ci,ci
2017-01-12T18:51:33.441Z,61.2758,-152.2925,0,1.8,ml,,,,0.72,ak,ak15064632,2017-01-12T19:16:48.296Z,"84km NW of Nikiski, Alaska",earthquake,,0.3,,,automatic,ak,ak
2017-01-12T18:41:24.160Z,33.705,-116.7528333,16.51,0.78,ml,16,164,0.03531,0.13,ci,ci37784344,2017-01-12T19:46:58.112Z,"5km SW of Idyllwild, CA",earthquake,0.43,0.52,0.071,6,reviewed,ci,ci
2017-01-12T18:35:45.466Z,60.645,-150.9424,19.9,1.5,ml,,,,0.56,ak,ak15064628,2017-01-12T18:45:00.396Z,"14km NNE of Ridgeway, Alaska",earthquake,,0.2,,,automatic,ak,ak
2017-01-12T18:26:46.771Z,62.3707,-149.8158,9.1,0.7,ml,,,,0.38,ak,ak15064626,2017-01-12T22:41:39.292Z,"16km ENE of Talkeetna, Alaska",earthquake,,0.6,,,reviewed,ak,ak
2017-01-12T18:10:19.950Z,19.386,-155.282,2.052,1.44,ml,19,71,0.0005937,0.06,hv,hv61559031,2017-01-12T20:17:09.080Z,"6km SW of Volcano, Hawaii",earthquake,0.19,0.24,0.1,2,reviewed,hv,hv
2017-01-12T18:09:23.110Z,33.8233333,-117.491,-0.53,1.06,ml,35,52,0.03874,0.24,ci,ci37784336,2017-01-12T19:43:40.542Z,"7km SSE of Home Gardens, CA",quarry blast,0.42,31.61,0.123,23,reviewed,ci,ci
2017-01-12T18:08:06.371Z,38.3658,-118.9267,6.2,0.7,ml,6,251.08,0.156,0.088,nn,nn00573670,2017-01-12T19:47:18.431Z,"29km ENE of Bridgeport, California",earthquake,,10.2,0.42,4,reviewed,nn,nn
2017-01-12T17:39:57.768Z,61.881,-151.5541,80.2,2,ml,,,,0.51,ak,ak15064408,2017-01-12T17:54:48.315Z,"81km W of Willow, Alaska",earthquake,,0.4,,,automatic,ak,ak
2017-01-12T17:38:51.390Z,33.2413333,-116.667,9.52,0.96,ml,26,76,0.0452,0.15,ci,ci37784328,2017-01-12T18:49:31.390Z,"6km SW of Warner Springs, CA",earthquake,0.23,0.37,0.149,22,reviewed,ci,ci
2017-01-12T17:33:05.463Z,60.5364,-151.1603,55.3,1.4,ml,,,,0.34,ak,ak15064405,2017-01-12T17:42:41.865Z,"4km W of Ridgeway, Alaska",earthquake,,2.7,,,automatic,ak,ak
2017-01-12T17:32:16.012Z,61.8909,-151.0462,68.9,1.7,ml,,,,0.22,ak,ak15064402,2017-01-12T17:38:59.261Z,"55km WNW of Willow, Alaska",earthquake,,0.8,,,automatic,ak,ak
2017-01-12T17:22:19.231Z,65.3729,-144.7501,0,1.5,ml,,,,0.59,ak,ak15064397,2017-01-12T17:31:13.763Z,"11km SSW of Circle Hot Springs Station, Alaska",earthquake,,0.4,,,automatic,ak,ak
2017-01-12T17:14:40.230Z,39.2913333,-122.7611667,9.39,1.23,md,11,54,0.1702,0.06,nc,nc72751360,2017-01-14T04:55:02.622Z,"19km NE of Upper Lake, California",earthquake,0.51,1.29,0.245,9,reviewed,nc,nc
2017-01-12T17:09:53.520Z,36.0101667,-117.7915,1.18,0.45,ml,9,66,0.02604,0.07,ci,ci37784320,2017-01-13T17:11:07.539Z,"13km NE of Little Lake, CA",earthquake,0.18,0.26,0.286,3,reviewed,ci,ci
2017-01-12T17:04:58.630Z,41.7658,133.0442,481.83,4.8,mb,,36,2.553,0.68,us,us10007swd,2017-01-13T03:44:58.167Z,"107km S of Vrangel', Russia",earthquake,8.2,5.4,0.028,384,reviewed,us,us
2017-01-12T16:41:29.082Z,63.8272,-148.7895,121.4,1.4,ml,,,,0.42,ak,ak15064190,2017-01-12T16:46:13.585Z,"9km ESE of Healy, Alaska",earthquake,,1.1,,,automatic,ak,ak
2017-01-12T16:33:13.120Z,38.988,-122.7188333,2.14,0.97,md,19,99,0.06174,0.08,nc,nc72751355,2017-01-14T04:44:02.611Z,"5km SW of Clearlake Oaks, California",earthquake,0.26,1.6,0.214,10,reviewed,nc,nc
2017-01-12T16:25:47.129Z,62.5209,-151.4006,64.7,2.1,ml,,,,0.92,ak,ak15064180,2017-01-12T16:33:58.157Z,"70km WNW of Talkeetna, Alaska",earthquake,,1.1,,,automatic,ak,ak
2017-01-12T16:06:32.180Z,6.0821,-77.9221,6.02,5.2,mww,,37,3.604,0.86,us,us10007svx,2017-01-13T21:35:52.608Z,"59km WSW of Mutis, Colombia",earthquake,6.6,2.9,0.054,33,reviewed,us,us
2017-01-12T16:00:16.260Z,33.4873333,-116.4623333,15.26,0.8,ml,23,105,0.04723,0.14,ci,ci37784304,2017-01-12T19:31:34.746Z,"21km ESE of Anza, CA",earthquake,0.23,0.47,0.154,19,reviewed,ci,ci
2017-01-12T15:56:33.901Z,59.9648,-148.6009,6,3.1,ml,,,,0.74,ak,ak15063961,2017-01-13T20:24:17.040Z,"49km ESE of Seward, Alaska",earthquake,,0.4,,,automatic,ak,ak
2017-01-12T15:48:50.880Z,19.3611667,-155.2926667,2.594,1.38,md,30,60,0.02659,0.09,hv,hv61558846,2017-01-12T20:34:49.960Z,"9km SW of Volcano, Hawaii",earthquake,0.24,0.35,0.022,8,reviewed,hv,hv
2017-01-12T15:41:07.781Z,38.4043,-118.9363,7.7,1,ml,8,223.66,0.144,0.1398,nn,nn00573708,2017-01-13T06:08:06.142Z,"30km WSW of Hawthorne, Nevada",earthquake,,2.2,0.32,5,reviewed,nn,nn
2017-01-12T15:29:53.030Z,19.4196667,-155.3271667,4.608,0.58,md,8,120,0.0282,0.08,hv,hv61558831,2017-01-13T03:23:55.050Z,"9km W of Volcano, Hawaii",earthquake,0.49,1.26,0.128,2,reviewed,hv,hv
2017-01-12T15:28:06.664Z,64.203,-150.0227,24.6,0.8,ml,,,,0.57,ak,ak15063959,2017-01-12T15:36:01.572Z,"60km SW of North Nenana, Alaska",earthquake,,0.6,,,automatic,ak,ak
2017-01-12T15:18:26.129Z,38.3745,-118.8626,11.5,0.7,ml,5,287.58,0.307,0.0725,nn,nn00573707,2017-01-13T01:44:59.701Z,"26km SW of Hawthorne, Nevada",earthquake,,7.1,0.03,2,reviewed,nn,nn
2017-01-12T15:18:19.840Z,33.1895,-116.0436667,5.27,1.41,ml,39,54,0.1025,0.21,ci,ci37784296,2017-01-12T15:45:19.073Z,"10km ENE of Ocotillo Wells, CA",earthquake,0.22,0.71,0.118,39,reviewed,ci,ci
2017-01-12T15:16:59.920Z,33.4911667,-116.4681667,14.64,1.22,ml,28,79,0.04788,0.21,ci,ci37784288,2017-01-12T15:26:08.576Z,"20km ESE of Anza, CA",earthquake,0.34,0.59,0.142,26,reviewed,ci,ci
2017-01-12T15:13:46.830Z,-15.4282,-72.5269,15.05,4.4,mb,,243,3.596,0.86,us,us10007svn,2017-01-13T19:30:12.040Z,"26km SW of Orcopampa, Peru",earthquake,14.6,15.1,0.108,25,reviewed,us,us
2017-01-12T15:08:32.230Z,36.4985008,-121.0824966,4.02,1.45,md,7,122,0.07068,0.01,nc,nc72751345,2017-01-12T15:26:02.353Z,"23km ENE of Soledad, California",earthquake,0.52,2.22,0.44,7,automatic,nc,nc
2017-01-12T15:03:55.644Z,38.3881,-118.8974,14.5,1.1,ml,5,289.18,0.337,0.1096,nn,nn00573706,2017-01-13T01:38:51.432Z,"28km WSW of Hawthorne, Nevada",earthquake,,3.1,0.07,2,reviewed,nn,nn
2017-01-12T15:02:15.031Z,61.3892,-152.2459,0.1,2.2,ml,,,,0.89,ak,ak15063951,2017-01-12T15:10:30.567Z,"93km NNW of Nikiski, Alaska",earthquake,,0.4,,,automatic,ak,ak
2017-01-12T15:00:37.310Z,35.4388333,-119.9718333,7.87,1.51,ml,13,178,0.009849,0.24,ci,ci37784272,2017-01-12T15:32:58.529Z,"10km NNE of Simmler, CA",earthquake,1.08,1.21,0.195,5,reviewed,ci,ci
2017-01-12T14:56:53.980Z,38.389,-118.9169,7.4,1.8,ml,14,63.74,0.137,0.1832,nn,nn00573652,2017-01-14T02:39:04.343Z,"29km WSW of Hawthorne, Nevada",earthquake,,1.5,0.29,9,reviewed,nn,nn
2017-01-12T14:44:52.590Z,37.5598333,-122.379,1.06,2.05,md,64,49,0.00217,0.28,nc,nc72751330,2017-01-12T23:04:07.557Z,"1km S of Hillsborough, California",earthquake,0.21,0.16,0.221,39,reviewed,nc,nc
2017-01-12T14:41:39.050Z,33.4996667,-116.7861667,5.27,0.46,ml,15,46,0.07723,0.15,ci,ci37784264,2017-01-12T15:26:11.036Z,"10km NE of Aguanga, CA",earthquake,0.26,1.21,0.102,14,reviewed,ci,ci
2017-01-12T14:40:15.144Z,63.3029,-150.3992,121.8,1.9,ml,,,,0.49,ak,ak15063947,2017-01-12T14:48:00.695Z,"73km W of Cantwell, Alaska",earthquake,,0.7,,,automatic,ak,ak
2017-01-12T14:35:42.190Z,37.6205,-118.8585,1.61,0.5,md,9,107,0.003843,0.02,nc,nc72751325,2017-01-12T17:47:03.889Z,"10km ESE of Mammoth Lakes, California",earthquake,0.43,0.92,0.289,8,reviewed,nc,nc
2017-01-12T14:33:12.049Z,38.3718,-118.9165,7.1,1.3,ml,10,111.07,0.146,0.1912,nn,nn00573648,2017-01-12T23:19:49.869Z,"30km WSW of Hawthorne, Nevada",earthquake,,1.6,0.21,4,reviewed,nn,nn
2017-01-12T14:32:42.900Z,36.4884,-98.9024,5,2.5,mb_lg,,126,0.134,0.58,us,us10007svb,2017-01-12T15:09:14.040Z,"27km ENE of Mooreland, Oklahoma",earthquake,1.7,1.9,0.088,34,reviewed,us,us
2017-01-12T14:28:59.862Z,38.4226,-118.904,7.4,1.7,ml,11,73.56,0.114,0.1649,nn,nn00573646,2017-01-12T19:03:44.225Z,"26km WSW of Hawthorne, Nevada",earthquake,,1.7,0.26,4,reviewed,nn,nn
2017-01-12T14:22:17.086Z,61.5398,-146.4301,29.8,2.1,ml,,,,0.69,ak,ak15063748,2017-01-12T14:32:23.465Z,"45km N of Valdez, Alaska",earthquake,,0.1,,,automatic,ak,ak
2017-01-12T14:22:05.912Z,59.9458,-152.2074,59.6,2.7,ml,,,,0.71,ak,ak15063746,2017-01-12T14:38:36.332Z,"28km NW of Anchor Point, Alaska",earthquake,,0.5,,,automatic,ak,ak
2017-01-12T14:11:38.695Z,38.2936,-118.3843,6.9,0.3,ml,4,220.75,0.104,0.0325,nn,nn00573705,2017-01-13T01:35:46.943Z,"33km SE of Hawthorne, Nevada",earthquake,,10.5,0.24,2,reviewed,nn,nn
2017-01-12T14:09:09.810Z,44.8465,-111.4285,13.27,0.24,md,5,230,0.205,0.17,mb,mb80196579,2017-01-12T21:19:25.000Z,"32km NW of West Yellowstone, Montana",earthquake,2.91,3.19,0.071,2,reviewed,mb,mb
2017-01-12T14:07:05.857Z,38.4311,-118.898,7.2,1.1,ml,9,131.6,0.107,0.1841,nn,nn00573643,2017-01-12T18:54:23.603Z,"26km WSW of Hawthorne, Nevada",earthquake,,2.1,0.11,4,reviewed,nn,nn
2017-01-12T14:00:49.940Z,37.5311667,-118.831,5.89,1.06,md,19,231,0.05878,0.03,nc,nc72751320,2017-01-12T19:17:57.247Z,"18km SE of Mammoth Lakes, California",earthquake,0.81,0.83,0.094,12,reviewed,nc,nc
2017-01-12T14:00:25.625Z,63.3721,-150.5623,10.6,1.3,ml,,,,0.6,ak,ak15063744,2017-01-12T14:07:22.289Z,"80km W of Cantwell, Alaska",earthquake,,0.4,,,automatic,ak,ak
2017-01-12T13:59:52.640Z,37.637,-118.9378333,4.57,1,md,21,78,0.0264,0.05,nc,nc72751315,2017-01-12T19:09:55.873Z,"3km ESE of Mammoth Lakes, California",earthquake,0.25,0.43,0.36,18,reviewed,nc,nc
2017-01-12T13:59:43.410Z,32.5853333,-115.7065,6.6,1.26,ml,17,212,0.06598,0.23,ci,ci37784248,2017-01-12T15:25:36.833Z,"12km W of Progreso, B.C., MX",earthquake,0.64,0.76,0.266,11,reviewed,ci,ci
2017-01-12T13:53:01.800Z,33.6995,-116.819,15.67,1.71,ml,64,18,0.07336,0.15,ci,ci37784240,2017-01-12T15:17:45.200Z,"9km SE of Valle Vista, CA",earthquake,0.13,0.27,0.163,70,reviewed,ci,ci
2017-01-12T13:49:51.899Z,38.4309,-118.8959,8.1,1.2,ml,9,131.53,0.106,0.2036,nn,nn00573637,2017-01-12T23:13:34.370Z,"25km WSW of Hawthorne, Nevada",earthquake,,1.7,0.05,2,reviewed,nn,nn
2017-01-12T13:40:12.093Z,38.3857,-118.947,4.7,1,ml,6,283.59,0.372,0.1679,nn,nn00573685,2017-01-12T23:04:06.347Z,"28km ENE of Bridgeport, California",earthquake,,4.5,0,1,reviewed,nn,nn
2017-01-12T13:31:44.490Z,47.2803333,-113.1703333,15.96,0.75,ml,6,231,0.223,0.07,mb,mb80196564,2017-01-12T20:29:43.760Z,"26km ENE of Seeley Lake, Montana",earthquake,1.19,0.55,,0,reviewed,mb,mb
2017-01-12T13:29:08.560Z,-5.2552,102.735,38.19,5.4,mb,,84,0.915,1.03,us,us10007sv2,2017-01-12T13:42:18.040Z,"116km WSW of Kuripan, Indonesia",earthquake,7,7,0.072,67,reviewed,us,us
2017-01-12T13:25:13.003Z,38.4015,-118.9065,14.2,0.8,ml,6,220.67,0.349,0.171,nn,nn00573704,2017-01-13T01:32:40.583Z,"28km WSW of Hawthorne, Nevada",earthquake,,2.3,0.04,2,reviewed,nn,nn
2017-01-12T13:20:27.110Z,47.468,-115.7823333,-0.92,1.69,ml,11,180,0.583,0.16,mb,mb80196554,2017-01-12T20:22:14.090Z,"1km E of Mullan, Idaho",earthquake,0.85,31.61,0.203,3,reviewed,mb,mb
2017-01-12T13:18:08.540Z,19.7626667,-155.9033333,13.504,1.6,md,22,213,0.1004,0.21,hv,hv61558661,2017-01-12T21:28:32.990Z,"9km ENE of Kalaoa, Hawaii",earthquake,1.21,0.62,0.046,8,reviewed,hv,hv
2017-01-12T13:16:49.100Z,44.7241667,-111.1335,7.99,0.06,md,5,127,0.05202,0.06,uu,uu60181492,2017-01-12T18:03:25.560Z,"7km NNW of West Yellowstone, Montana",earthquake,0.98,2.49,0.391,4,reviewed,uu,uu
2017-01-12T13:13:29.420Z,33.3346667,-116.2403333,11.58,1.58,ml,60,44,0.1065,0.18,ci,ci37784232,2017-01-12T20:49:34.950Z,"15km NE of Borrego Springs, CA",earthquake,0.17,0.35,0.206,26,reviewed,ci,ci
2017-01-12T13:09:21.330Z,37.6036667,-119.0036667,1.8,0.23,md,13,168,0.01671,0.05,nc,nc72751300,2017-01-12T17:43:32.650Z,"5km SSW of Mammoth Lakes, California",earthquake,0.55,0.37,0.314,11,reviewed,nc,nc
2017-01-12T13:02:39.141Z,62.099,-150.845,45.6,1.5,ml,,,,0.7,ak,ak15063542,2017-01-12T13:18:41.949Z,"45km WSW of Talkeetna, Alaska",earthquake,,1,,,automatic,ak,ak
2017-01-12T12:56:45.027Z,38.3742,-118.8738,15.8,0.7,ml,5,288.67,0.315,0.0442,nn,nn00573703,2017-01-13T01:26:28.642Z,"27km SW of Hawthorne, Nevada",earthquake,,2.3,0,2,reviewed,nn,nn
2017-01-12T12:55:06.400Z,38.8091667,-122.8123333,1.12,1.86,md,44,45,0.01316,0.05,nc,nc72751295,2017-01-12T18:56:01.812Z,"6km NW of The Geysers, California",earthquake,0.12,0.18,0.301,19,reviewed,nc,nc
2017-01-12T12:41:00.515Z,38.4224,-118.8947,12.1,0.8,ml,7,174.23,0.351,0.1446,nn,nn00573632,2017-01-12T23:00:57.245Z,"26km WSW of Hawthorne, Nevada",earthquake,,7.6,0.24,3,reviewed,nn,nn
2017-01-12T12:40:29.595Z,64.7025,-149.2246,26.4,0.2,ml,,,,0.43,ak,ak15063538,2017-01-12T21:23:37.156Z,"14km NNW of North Nenana, Alaska",earthquake,,0.3,,,reviewed,ak,ak
2017-01-12T12:33:52.755Z,64.6381,-146.8464,13.1,1.2,ml,,,,0.36,ak,ak15063533,2017-01-12T12:39:35.484Z,"10km ESE of Eielson Air Force Base, Alaska",earthquake,,0.1,,,automatic,ak,ak
2017-01-12T12:33:06.730Z,46.7103333,-121.0693333,0.6,1.06,ml,17,101,0.3223,0.32,uw,uw61228417,2017-01-17T02:55:05.960Z,"24km W of Tieton, Washington",earthquake,0.63,2.17,0.122,13,reviewed,uw,uw
2017-01-12T12:31:29.000Z,18.0923,-65.6064,23,2.3,Md,7,169.2,0.05030566,0.11,pr,pr17012000,2017-01-12T16:24:15.559Z,"14km W of Esperanza, Puerto Rico",earthquake,0.7,0.5,0,4,reviewed,pr,pr
2017-01-12T12:30:12.160Z,46.7153333,-121.0616667,0.6,1.62,ml,16,78,0.3278,0.21,uw,uw61228412,2017-01-12T20:08:33.410Z,"23km W of Tieton, Washington",earthquake,0.51,1.46,0.105,15,reviewed,uw,uw
2017-01-12T12:27:15.859Z,38.3903,-118.8907,12.7,1.1,ml,7,81.83,0.333,0.17,nn,nn00573631,2017-01-12T22:54:41.719Z,"27km WSW of Hawthorne, Nevada",earthquake,,3.3,0.15,2,reviewed,nn,nn
2017-01-12T12:20:47.940Z,46.7205,-121.059,0.02,1.23,ml,13,127,0.3299,0.15,uw,uw61228407,2017-01-12T20:04:23.900Z,"23km W of Tieton, Washington",earthquake,0.46,1.26,0.19,13,reviewed,uw,uw
2017-01-12T12:10:35.915Z,63.8348,-150.4025,7.8,0.5,ml,,,,0.71,ak,ak15063529,2017-01-12T21:03:54.339Z,"70km W of Healy, Alaska",earthquake,,0.4,,,reviewed,ak,ak
2017-01-12T12:04:16.210Z,41.9332,-119.6614,14,1.2,ml,4,173.42,0.099,0.0274,nn,nn00573701,2017-01-13T01:20:18.870Z,"63km ESE of Lakeview, Oregon",earthquake,,5.1,0,1,reviewed,nn,nn
2017-01-12T12:02:38.912Z,38.3808,-118.8567,15.8,0.8,ml,4,291.48,0.305,0.0792,nn,nn00573630,2017-01-12T18:42:00.483Z,"25km SW of Hawthorne, Nevada",earthquake,,20.3,0,1,reviewed,nn,nn
2017-01-12T11:44:51.421Z,37.512,-116.3711,12.7,0.3,ml,9,278.99,0.303,0.1875,nn,nn00573700,2017-01-13T01:14:04.198Z,"75km NNE of Beatty, Nevada",earthquake,,6.2,0.29,4,reviewed,nn,nn
2017-01-12T11:35:55.254Z,38.4062,-118.9353,7.9,1.9,ml,16,74.35,0.142,0.1821,nn,nn00573629,2017-01-12T18:38:53.269Z,"30km WSW of Hawthorne, Nevada",earthquake,,1.2,0.22,9,reviewed,nn,nn
2017-01-12T11:31:37.750Z,33.2413333,-116.6615,8.14,0.48,ml,15,82,0.04373,0.19,ci,ci37784216,2017-01-12T14:19:40.018Z,"5km SSW of Warner Springs, CA",earthquake,0.44,0.92,0.146,10,reviewed,ci,ci
2017-01-12T11:26:43.870Z,19.346,-155.2113333,6.116,1.44,md,46,65,0.02792,0.13,hv,hv61558631,2017-01-12T22:22:43.460Z,"9km SSE of Volcano, Hawaii",earthquake,0.31,0.59,0.062,15,reviewed,hv,hv
2017-01-12T11:24:56.960Z,34.3325,-117.6846667,5.44,0.83,ml,29,88,0.0497,0.1,ci,ci37784208,2017-01-12T15:04:57.333Z,"6km SW of Wrightwood, CA",earthquake,0.15,0.32,0.144,12,reviewed,ci,ci
2017-01-12T11:14:18.785Z,38.3737,-118.9123,7.2,1.6,ml,15,72.73,0.142,0.1739,nn,nn00573628,2017-01-12T18:26:10.075Z,"30km WSW of Hawthorne, Nevada",earthquake,,3.4,0.31,7,reviewed,nn,nn
2017-01-12T11:13:23.120Z,33.2418333,-116.6716667,8.95,1.13,ml,34,34,0.04723,0.16,ci,ci37784200,2017-01-12T14:20:54.300Z,"6km SW of Warner Springs, CA",earthquake,0.21,0.46,0.173,26,reviewed,ci,ci
2017-01-12T11:07:37.445Z,38.5165,-118.2798,2.9,1,ml,5,116.05,0.093,0.1222,nn,nn00573699,2017-01-13T01:04:42.671Z,"30km E of Hawthorne, Nevada",earthquake,,18.2,0,1,reviewed,nn,nn
2017-01-12T11:04:17.160Z,38.7708321,-122.7509995,-0.78,0.78,md,8,85,0.01153,0.04,nc,nc72751275,2017-01-12T11:05:59.648Z,"0km SSE of The Geysers, California",earthquake,0.22,1.22,0.21,4,automatic,nc,nc
2017-01-12T10:59:00.720Z,45.8403333,-111.7256667,7.95,0.11,ml,10,58,0.253,0.08,mb,mb80196514,2017-01-12T16:41:52.060Z,"14km WSW of Three Forks, Montana",earthquake,0.36,2.6,,0,reviewed,mb,mb
2017-01-12T10:56:26.150Z,37.6735,-122.5071667,9.99,1.03,md,19,150,0.01922,0.14,nc,nc72751270,2017-01-14T00:44:37.255Z,"2km SW of Broadmoor, California",earthquake,0.61,0.44,0.103,10,reviewed,nc,nc
2017-01-12T10:39:23.011Z,38.4028,-118.9223,12.3,0.8,ml,5,222.31,0.361,0.12,nn,nn00573627,2017-01-12T18:04:00.625Z,"29km WSW of Hawthorne, Nevada",earthquake,,20.2,0.09,2,reviewed,nn,nn
2017-01-12T10:36:34.320Z,44.7376667,-112.4696667,1.44,0.71,ml,6,79,0.154,0.04,mb,mb80196509,2017-01-12T16:36:11.620Z,"14km NE of Lima, Montana",earthquake,0.66,2.08,0.137,2,reviewed,mb,mb
2017-01-12T10:31:18.940Z,37.6696667,-118.9236667,2.8,0.6,md,20,124,0.01328,0.05,nc,nc72751265,2017-01-12T18:51:50.117Z,"4km ENE of Mammoth Lakes, California",earthquake,0.21,0.3,0.204,16,reviewed,nc,nc
2017-01-12T10:30:37.977Z,38.3678,-118.9176,6.1,1.1,ml,8,144.7,0.344,0.1185,nn,nn00573624,2017-01-12T17:54:44.553Z,"30km SW of Hawthorne, Nevada",earthquake,,2.2,0,1,reviewed,nn,nn
2017-01-12T10:29:03.610Z,33.5038333,-116.5071667,14.57,0.61,ml,18,89,0.07993,0.13,ci,ci37784192,2017-01-12T14:20:01.222Z,"16km ESE of Anza, CA",earthquake,0.34,0.53,0.143,17,reviewed,ci,ci
2017-01-12T10:26:58.630Z,16.8233,-98.3622,10,5,mb,,187,0.76,1.4,us,us10007suf,2017-01-12T17:04:20.807Z,"12km WNW of Xochistlahuaca, Mexico",earthquake,5.3,2,0.029,379,reviewed,us,us
2017-01-12T10:24:37.931Z,38.2715,-118.8192,4.8,1.3,ml,11,98.83,0.248,0.1617,nn,nn00573623,2017-01-12T20:43:25.082Z,"32km SSW of Hawthorne, Nevada",earthquake,,1.3,0.35,4,reviewed,nn,nn
2017-01-12T10:17:16.370Z,38.8110008,-122.8033371,9.91,1.16,md,10,127,0.006969,0.18,nc,nc72751260,2017-01-12T10:52:02.766Z,"5km NW of The Geysers, California",earthquake,1.37,2.46,0.08,5,automatic,nc,nc
2017-01-12T10:15:20.420Z,37.636,-118.9283333,5.89,0.99,md,17,78,0.0225,0.02,nc,nc72751255,2017-01-12T18:23:43.599Z,"4km ESE of Mammoth Lakes, California",earthquake,0.32,0.66,0.308,14,reviewed,nc,nc
2017-01-12T10:14:04.660Z,36.4043333,-120.9378333,10.2,2.61,md,46,63,0.1922,0.12,nc,nc72751245,2017-01-13T01:29:00.088Z,"27km NE of King City, California",earthquake,0.23,0.57,0.235,63,reviewed,nc,nc
2017-01-12T10:04:45.070Z,33.5036667,-116.5078333,15.63,0.78,ml,26,79,0.07936,0.16,ci,ci37784176,2017-01-12T14:20:59.600Z,"16km ESE of Anza, CA",earthquake,0.28,0.53,0.167,24,reviewed,ci,ci
2017-01-12T10:01:18.508Z,61.9057,-149.5322,30.7,1.7,ml,,,,0.96,ak,ak15063159,2017-01-12T10:17:07.296Z,"23km NW of Fishhook, Alaska",earthquake,,0.2,,,automatic,ak,ak
2017-01-12T09:55:33.280Z,37.6041667,-118.7951667,5.8,1.02,md,19,170,0.03043,0.07,nc,nc72751240,2017-01-12T18:18:42.223Z,"16km ESE of Mammoth Lakes, California",earthquake,0.64,0.48,0.138,14,reviewed,nc,nc
2017-01-12T09:20:04.553Z,36.6936,-116.3176,9.2,0.4,ml,20,76.94,0.051,0.1262,nn,nn00573620,2017-01-12T22:45:11.619Z,"46km ESE of Beatty, Nevada",earthquake,,1,0.22,13,reviewed,nn,nn
2017-01-12T09:12:10.174Z,38.4109,-118.9081,14.1,0.7,ml,6,219.14,0.354,0.0847,nn,nn00573697,2017-01-13T06:29:39.711Z,"27km WSW of Hawthorne, Nevada",earthquake,,2,0.37,3,reviewed,nn,nn
2017-01-12T09:01:33.967Z,38.5354,-118.2816,1.8,1.4,ml,11,103.39,0.109,0.175,nn,nn00573618,2017-01-13T06:26:35.184Z,"29km E of Hawthorne, Nevada",earthquake,,2.9,0.35,6,reviewed,nn,nn
2017-01-12T09:00:06.410Z,-18.1388,-69.1502,133.55,5.2,mb,,50,0.391,1.2,us,us10007ssn,2017-01-12T09:27:50.692Z,"43km E of Putre, Chile",earthquake,6.7,6.5,0.03,359,reviewed,us,us
2017-01-12T08:45:03.560Z,37.6696667,-118.8411667,0.12,0.68,md,10,107,0.0226,0.04,nc,nc72751225,2017-01-12T17:10:24.853Z,"11km ENE of Mammoth Lakes, California",earthquake,0.72,1.23,0.381,8,reviewed,nc,nc
2017-01-12T08:43:27.434Z,38.3623,-118.931,0,0.9,ml,7,146.24,0.352,0.2281,nn,nn00573617,2017-01-12T17:32:53.446Z,"28km ENE of Bridgeport, California",earthquake,,0,0.09,2,reviewed,nn,nn
2017-01-12T08:42:15.990Z,38.3704,-118.9102,9.7,0.8,ml,5,292.31,0.34,0.1654,nn,nn00573696,2017-01-13T00:52:23.622Z,"30km SW of Hawthorne, Nevada",earthquake,,36.1,0.09,2,reviewed,nn,nn
2017-01-12T08:39:55.145Z,37.1624,-117.3777,12.3,0.9,ml,12,153.53,0.167,0.1419,nn,nn00573616,2017-01-12T22:29:20.683Z,"61km WNW of Beatty, Nevada",earthquake,,2.1,0.23,9,reviewed,nn,nn
2017-01-12T08:31:44.101Z,60.6932,-146.7511,17.2,1.7,ml,,,,0.57,ak,ak15062980,2017-01-12T08:41:57.547Z,"53km SSW of Valdez, Alaska",earthquake,,0.3,,,automatic,ak,ak
2017-01-12T08:26:42.421Z,38.382,-118.8678,13.7,0.8,ml,4,293.03,0.313,0.0877,nn,nn00573695,2017-01-13T00:49:18.208Z,"26km SW of Hawthorne, Nevada",earthquake,,22.4,0,1,reviewed,nn,nn
2017-01-12T08:23:20.675Z,62.6912,-149.3767,54.6,2.1,ml,,,,0.65,ak,ak15062976,2017-01-12T20:34:47.946Z,"55km NE of Talkeetna, Alaska",earthquake,,0.8,,,automatic,ak,ak
2017-01-12T08:15:27.846Z,37.1867,-117.3688,12.2,0.1,ml,5,166.69,0.226,0.171,nn,nn00573694,2017-01-13T00:43:08.657Z,"59km SSW of Goldfield, Nevada",earthquake,,2.4,0.17,4,reviewed,nn,nn
2017-01-12T08:01:44.780Z,33.676,-116.766,11.26,0.51,ml,22,129,0.05898,0.12,ci,ci37784160,2017-01-12T14:20:19.374Z,"8km SSW of Idyllwild, CA",earthquake,0.37,0.49,0.112,12,reviewed,ci,ci
2017-01-12T07:39:45.899Z,64.2768,-149.8532,17.4,1.1,ml,,,,0.52,ak,ak15062949,2017-01-12T07:47:44.599Z,"49km SW of North Nenana, Alaska",earthquake,,0.2,,,automatic,ak,ak
2017-01-12T07:30:36.820Z,45.8603333,-112.0136667,15.95,-0.14,ml,7,88,0.097,0.11,mb,mb80196499,2017-01-12T16:29:26.560Z,"6km E of Whitehall, Montana",earthquake,0.6,0.51,,0,reviewed,mb,mb
2017-01-12T07:14:07.860Z,46.1913333,-122.18,2,0.17,ml,7,245,0.01153,0.07,uw,uw61228402,2017-01-12T18:52:34.050Z,"37km NNE of Amboy, Washington",earthquake,0.6,0.4,0.209,6,reviewed,uw,uw
2017-01-12T07:09:05.254Z,38.3784,-118.9345,7.2,1.2,ml,9,96.97,0.36,0.1902,nn,nn00573615,2017-01-12T22:19:43.481Z,"29km ENE of Bridgeport, California",earthquake,,2.1,0.09,2,reviewed,nn,nn
2017-01-12T06:57:12.423Z,60.3568,-152.3562,120.2,1.6,ml,,,,0.34,ak,ak15062792,2017-01-12T07:01:25.128Z,"25km SE of Redoubt Volcano, Alaska",earthquake,,2,,,automatic,ak,ak
2017-01-12T06:57:09.400Z,57.6242,-142.8893,42.4,2.4,ml,,,,0.57,ak,ak15062796,2017-01-12T07:56:28.288Z,"273km S of Cape Yakataga, Alaska",earthquake,,22.9,,,reviewed,ak,ak
2017-01-12T06:51:26.928Z,38.4299,-118.9006,7.7,1.2,ml,9,131.95,0.109,0.1666,nn,nn00573614,2017-01-12T22:16:32.058Z,"26km WSW of Hawthorne, Nevada",earthquake,,2,0.09,3,reviewed,nn,nn
2017-01-12T06:42:58.790Z,34.1788333,-92.4913333,10.15,2.57,md,13,80,0.4186,0.17,nm,nm60171771,2017-01-15T14:07:57.488Z,"16km SSW of Sheridan, Arkansas",earthquake,0.35,1.05,0.243,15,reviewed,nm,nm
2017-01-12T06:38:06.888Z,65.2937,-149.0076,4.3,1.6,ml,,,,0.57,ak,ak15062784,2017-01-12T06:50:10.491Z,"68km NW of Ester, Alaska",earthquake,,0.3,,,automatic,ak,ak
2017-01-12T06:37:17.467Z,36.8134,-116.0011,5.1,0,ml,15,156.16,0.086,0.1185,nn,nn00573613,2017-01-12T20:30:47.057Z,"67km N of Pahrump, Nevada",earthquake,,2,0.27,7,reviewed,nn,nn
2017-01-12T06:02:42.670Z,45.8128333,-111.7198333,18.11,-0.44,ml,6,117,0.113,0.07,mb,mb80196489,2017-01-12T16:09:28.840Z,"15km SW of Three Forks, Montana",earthquake,0.53,0.82,,0,reviewed,mb,mb
2017-01-12T06:00:20.670Z,46.197,-122.1811667,1.57,0.62,ml,8,233,0.007297,0.08,uw,uw61228397,2017-01-12T19:54:36.250Z,"37km NNE of Amboy, Washington",earthquake,0.64,0.26,0.378,7,reviewed,uw,uw
2017-01-12T05:57:25.040Z,19.1873341,-155.4723358,36.27,1.94,md,45,144,0.03319,0.12,hv,hv61558321,2017-01-12T06:00:52.990Z,"2km SSE of Pahala, Hawaii",earthquake,0.73,0.77,0.09,9,automatic,hv,hv
2017-01-12T05:51:34.420Z,61.1494,-147.0294,0,1.8,ml,,,,0.62,ak,ak15062754,2017-01-12T06:01:49.656Z,"36km W of Valdez, Alaska",earthquake,,1,,,automatic,ak,ak
2017-01-12T05:47:34.280Z,48.7905,-113.8088333,5.92,0.9,ml,5,203,0.277,0.07,mb,mb80196519,2017-01-12T18:32:13.320Z,"54km NNE of Columbia Falls, Montana",earthquake,1.04,7.57,,0,reviewed,mb,mb
2017-01-12T05:47:15.548Z,59.8302,-150.7136,26.6,1.5,ml,,,,0.52,ak,ak15062752,2017-01-12T05:54:26.294Z,"34km ENE of Fritz Creek, Alaska",earthquake,,0.7,,,automatic,ak,ak
2017-01-12T05:45:00.390Z,38.840168,-122.8288345,1.94,0.87,md,13,55,0.005429,0.01,nc,nc72751215,2017-01-12T05:46:41.077Z,"9km WNW of Cobb, California",earthquake,0.28,0.67,0.07,3,automatic,nc,nc
2017-01-12T05:38:52.156Z,38.4108,-118.9094,10.7,1.1,ml,6,219.31,0.355,0.1047,nn,nn00573693,2017-01-13T00:33:47.722Z,"27km WSW of Hawthorne, Nevada",earthquake,,5.8,0.14,3,reviewed,nn,nn
2017-01-12T05:30:54.760Z,45.8293333,-111.713,16.03,0.92,ml,11,60,0.116,0.14,mb,mb80196464,2017-01-12T15:02:46.900Z,"14km WSW of Three Forks, Montana",earthquake,0.41,0.56,0.458,2,reviewed,mb,mb
2017-01-12T05:24:39.909Z,37.982,-118.2446,2.8,1.1,ml,7,154.61,0.339,0.1839,nn,nn00573692,2017-01-13T00:06:09.407Z,"67km NNE of Dixon Lane-Meadow Creek, California",earthquake,,9.3,0.09,2,reviewed,nn,nn
2017-01-12T05:03:15.475Z,38.3752,-118.9362,12.4,1.4,ml,6,228.84,0.361,0.1216,nn,nn00573611,2017-01-12T17:26:41.001Z,"29km ENE of Bridgeport, California",earthquake,,3.1,0.39,3,reviewed,nn,nn
2017-01-12T04:59:00.130Z,45.842,-111.7045,17.89,3.49,ml,44,53,0.121,0.28,mb,mb80196459,2017-01-13T20:32:37.114Z,"7km SW of Three Forks, Montana",earthquake,0.39,0.74,0.415,21,reviewed,mb,mb
2017-01-12T04:56:43.067Z,38.3902,-118.8824,13.4,0.8,ml,4,219.95,0.327,0.0465,nn,nn00573690,2017-01-12T23:56:49.381Z,"27km WSW of Hawthorne, Nevada",earthquake,,14.9,0,1,reviewed,nn,nn
2017-01-12T04:42:09.328Z,59.643,-152.1342,62.9,2.5,ml,,,,0.56,ak,ak15062568,2017-01-12T05:03:50.651Z,"22km SW of Anchor Point, Alaska",earthquake,,0.7,,,automatic,ak,ak
2017-01-12T04:23:28.909Z,51.7814,179.2228,13.2,2,ml,,,,0.47,ak,ak15062419,2017-01-12T07:42:32.214Z,"32km SW of Semisopochnoi Island, Alaska",earthquake,,312.9,,,reviewed,ak,ak
2017-01-12T04:21:57.459Z,38.3769,-118.9175,15.7,0.9,ml,5,292.16,0.347,0.0856,nn,nn00573608,2017-01-12T22:06:57.335Z,"30km WSW of Hawthorne, Nevada",earthquake,,2.4,0,2,reviewed,nn,nn
2017-01-12T04:18:25.670Z,38.8416672,-122.8286667,2.14,1.02,md,7,124,0.00615,0.03,nc,nc72751210,2017-01-12T04:20:06.429Z,"9km WNW of Cobb, California",earthquake,0.73,1.88,0.16,2,automatic,nc,nc
2017-01-12T04:14:02.130Z,38.8411674,-122.8301697,2.14,1.17,md,17,59,0.01449,0.04,nc,nc72751205,2017-01-12T04:29:02.886Z,"9km WNW of Cobb, California",earthquake,0.26,0.62,0.17,6,automatic,nc,nc
2017-01-12T03:55:25.545Z,38.4106,-118.9216,9,1.4,ml,7,220.81,0.364,0.2079,nn,nn00573688,2017-01-12T23:50:32.657Z,"28km WSW of Hawthorne, Nevada",earthquake,,2.2,0.23,2,reviewed,nn,nn
2017-01-12T03:54:32.470Z,37.4681667,-118.8548333,0.33,0.58,md,8,333,0.1234,0.04,nc,nc72751200,2017-01-12T17:03:53.226Z,"22km SSE of Mammoth Lakes, California",earthquake,1.28,31.61,0.113,8,reviewed,nc,nc
2017-01-12T03:50:03.677Z,38.288,-118.6691,7.2,0.9,ml,8,87.39,0.134,0.102,nn,nn00573607,2017-01-12T17:17:26.039Z,"26km S of Hawthorne, Nevada",earthquake,,2.1,0.41,3,reviewed,nn,nn
2017-01-12T03:48:17.140Z,38.8153343,-122.7624969,1.51,1.14,md,14,110,0.01436,0.02,nc,nc72751195,2017-01-12T04:04:02.832Z,"3km WSW of Cobb, California",earthquake,0.31,0.46,0.1,6,automatic,nc,nc
2017-01-12T03:43:46.512Z,38.2862,-118.6763,6.9,1,ml,8,156,0.139,0.1248,nn,nn00573659,2017-01-12T17:11:07.165Z,"26km S of Hawthorne, Nevada",earthquake,,2.1,0.36,3,reviewed,nn,nn
2017-01-12T03:40:22.675Z,36.9974,-115.1577,12.5,0.5,ml,4,168.23,0.418,0.0347,nn,nn00573605,2017-01-12T22:03:48.555Z,"40km S of Alamo, Nevada",earthquake,,26.1,0,1,reviewed,nn,nn
2017-01-12T03:23:35.400Z,38.7995,-122.8381667,7.13,0.6,md,19,179,0.0117,0.06,nc,nc72751190,2017-01-13T19:15:12.297Z,"7km WNW of The Geysers, California",earthquake,0.34,0.72,0.104,5,reviewed,nc,nc
2017-01-12T03:22:48.000Z,13.9381,-91.1743,56.05,5.3,mb,,121,1.408,1.04,us,us10007srd,2017-01-13T16:15:08.516Z,"20km SW of La Gomera, Guatemala",earthquake,2.9,7.6,0.027,464,reviewed,us,us
2017-01-12T03:21:36.520Z,38.2902,-118.6666,8.2,1.5,ml,12,87.08,0.133,0.1557,nn,nn00573601,2017-01-12T21:57:28.343Z,"26km S of Hawthorne, Nevada",earthquake,,2.6,0.38,5,reviewed,nn,nn
2017-01-12T03:16:41.670Z,59.9132,-153.0783,115.8,2,ml,,,,0.58,ak,ak15062244,2017-01-12T03:22:59.190Z,"66km SSW of Redoubt Volcano, Alaska",earthquake,,0.9,,,automatic,ak,ak
2017-01-12T03:10:09.589Z,62.5456,-149.3691,0,1.4,ml,,,,0.5,ak,ak15062242,2017-01-12T03:18:47.265Z,"45km ENE of Talkeetna, Alaska",earthquake,,0.4,,,automatic,ak,ak
2017-01-12T02:51:06.843Z,38.4153,-118.8825,15.6,1,ml,7,133.76,0.339,0.1362,nn,nn00573600,2017-01-12T21:38:46.603Z,"25km WSW of Hawthorne, Nevada",earthquake,,2.8,0.07,2,reviewed,nn,nn
2017-01-12T02:41:43.681Z,61.4858,-148.0491,30.1,1.4,ml,,,,0.65,ak,ak15062238,2017-01-12T02:49:45.309Z,"50km ESE of Lazy Mountain, Alaska",earthquake,,0.2,,,automatic,ak,ak
2017-01-12T01:34:28.460Z,37.6066667,-118.938,1.11,0.05,md,8,187,0.01884,0.01,nc,nc72751185,2017-01-12T16:53:52.046Z,"5km SSE of Mammoth Lakes, California",earthquake,1.21,0.39,0.131,7,reviewed,nc,nc
2017-01-12T01:28:39.080Z,19.4115,-155.014,38.759,1.87,md,30,173,0.02385,0.08,hv,hv61557966,2017-01-13T03:39:07.330Z,"11km WSW of Leilani Estates, Hawaii",earthquake,1.02,0.68,0.094,11,reviewed,hv,hv
2017-01-12T01:21:01.410Z,33.4646667,-116.4103333,11.23,0.57,ml,18,128,0.05997,0.1,ci,ci37784128,2017-01-12T20:50:49.820Z,"23km N of Borrego Springs, CA",earthquake,0.33,0.67,0.113,8,reviewed,ci,ci
2017-01-12T01:19:41.620Z,33.4641667,-116.4213333,9.81,1.64,ml,50,36,0.05919,0.19,ci,ci37784120,2017-01-12T14:22:09.830Z,"24km N of Borrego Springs, CA",earthquake,0.24,0.44,0.156,25,reviewed,ci,ci
2017-01-12T00:53:15.130Z,30.9938,69.7525,28.45,4.3,mb,,138,3.984,0.91,us,us10007sqa,2017-01-17T05:59:36.363Z,"16km NNW of Musa Khel Bazar, Pakistan",earthquake,9.3,7.6,0.108,24,reviewed,us,us
2017-01-12T00:51:13.710Z,48.228,-122.7933333,50.51,1.69,ml,18,99,0.1233,0.28,uw,uw61228372,2017-01-12T20:32:11.700Z,"8km W of Coupeville, Washington",earthquake,0.62,1.61,0.257,12,reviewed,uw,uw
2017-01-12T00:42:30.210Z,37.6523333,-118.8405,0.44,1.14,md,18,92,0.01481,0.05,nc,nc72751170,2017-01-12T17:38:02.635Z,"11km E of Mammoth Lakes, California",earthquake,0.24,0.47,0.372,13,reviewed,nc,nc
2017-01-12T00:36:30.550Z,36.1514,140.0759,79.78,4.5,mb,,154,1.561,0.82,us,us10007sr9,2017-01-13T03:53:04.113Z,"5km SSW of Tsukuba, Japan",earthquake,7.9,6.5,0.102,28,reviewed,us,us
2017-01-12T00:36:20.497Z,64.604,-149.9381,17.9,1.1,ml,,,,0.53,ak,ak15061879,2017-01-12T00:46:42.150Z,"39km W of North Nenana, Alaska",earthquake,,0.1,,,automatic,ak,ak
2017-01-12T00:35:36.851Z,62.0912,-148.0379,33.3,1.2,ml,,,,0.75,ak,ak15061878,2017-01-12T00:43:00.544Z,"53km NE of Sutton-Alpine, Alaska",earthquake,,0.2,,,automatic,ak,ak
2017-01-12T00:24:33.971Z,38.3089,-118.1079,1.9,0.1,ml,3,314.36,0.19,0.0008,nn,nn00573580,2017-01-12T01:02:01.034Z,"51km ESE of Hawthorne, Nevada",earthquake,,865.6,0.51,3,reviewed,nn,nn
2017-01-12T00:21:47.617Z,38.3702,-118.9129,13.3,1.1,ml,5,227.27,0.342,0.0358,nn,nn00573575,2017-01-12T01:02:00.589Z,"30km SW of Hawthorne, Nevada",earthquake,,15.2,0.34,4,reviewed,nn,nn
2017-01-12T00:09:53.850Z,33.9873333,-117.1725,11.6,0.76,ml,23,76,0.06926,0.17,ci,ci37784104,2017-01-12T14:57:08.196Z,"8km S of Redlands, CA",earthquake,0.25,0.5,0.165,9,reviewed,ci,ci
2017-01-12T00:07:59.730Z,33.9856667,-117.1765,12.06,1.83,ml,66,43,0.07282,0.19,ci,ci37784096,2017-01-12T14:21:05.700Z,"8km S of Redlands, CA",earthquake,0.19,0.53,0.176,25,reviewed,ci,ci
2017-01-12T00:06:12.687Z,61.2105,-147.4125,2.5,1.8,ml,,,,0.98,ak,ak15061763,2017-01-12T00:16:42.188Z,"57km W of Valdez, Alaska",earthquake,,0.5,,,automatic,ak,ak
2017-01-12T00:06:02.933Z,64.9927,-147.315,6.2,1.8,ml,,,,0.7,ak,ak15061761,2017-01-12T00:21:02.204Z,"23km NNE of Badger, Alaska",earthquake,,0.2,,,automatic,ak,ak
2017-01-11T23:55:19.100Z,36.1063333,-117.8553333,1.3,1.03,ml,17,122,0.1024,0.14,ci,ci37784088,2017-01-12T15:50:38.768Z,"11km NE of Coso Junction, CA",earthquake,0.22,0.35,0.124,12,reviewed,ci,ci
2017-01-11T23:44:53.286Z,64.7616,-147.5126,9.6,-0.6,ml,,,,0.1,ak,ak15061753,2017-01-12T07:10:08.916Z,"4km SSE of Badger, Alaska",earthquake,,1.2,,,reviewed,ak,ak
2017-01-11T23:21:56.550Z,19.4578333,-154.8886667,0.244,1.41,md,21,234,0.02234,0.18,hv,hv61557796,2017-01-13T01:14:27.868Z,"3km ESE of Leilani Estates, Hawaii",earthquake,0.76,0.4,0.118,11,reviewed,hv,hv
2017-01-11T23:09:10.570Z,19.3311667,-155.4821667,7.047,1.09,md,12,135,0.04701,0.19,hv,hv61557776,2017-01-11T23:55:30.420Z,"13km N of Pahala, Hawaii",earthquake,0.7,1.76,0.089,9,reviewed,hv,hv
2017-01-11T23:06:36.110Z,36.0238333,-117.7773333,2.51,0.44,ml,9,126,0.009883,0.11,ci,ci37784072,2017-01-12T15:47:36.212Z,"15km NE of Little Lake, CA",earthquake,0.3,0.29,0.092,3,reviewed,ci,ci
2017-01-11T23:04:40.680Z,37.4063339,-122.2030029,3.27,1.9,md,15,75,0.02169,0.07,nc,nc72751160,2017-01-12T00:24:33.425Z,"0km NNW of Ladera, California",earthquake,0.2,0.28,0.13,15,automatic,nc,nc
2017-01-11T22:44:10.170Z,-7.6077,124.8993,367.45,4.3,mb,,41,2.223,0.72,us,us10007sp4,2017-01-11T23:07:06.040Z,"128km NW of Dili, East Timor",earthquake,5.6,8.6,0.102,27,reviewed,us,us
2017-01-11T22:42:16.397Z,64.4579,-147.3119,0.4,1.9,ml,,,,0.6,ak,ak15061612,2017-01-11T22:51:59.784Z,"21km WSW of Salcha, Alaska",earthquake,,0.2,,,automatic,ak,ak
2017-01-11T22:39:10.194Z,59.2942,-139.5916,0,1.9,ml,,,,0.86,ak,ak15061610,2017-01-11T22:46:48.678Z,"29km SSE of Yakutat, Alaska",earthquake,,0.6,,,automatic,ak,ak
2017-01-11T22:33:56.250Z,37.6375,-118.9301667,4.93,0.72,md,14,76,0.026,0.05,nc,nc72751150,2017-01-12T17:19:27.558Z,"3km ESE of Mammoth Lakes, California",earthquake,0.31,0.47,0.269,11,reviewed,nc,nc
2017-01-11T22:33:17.677Z,63.2023,-148.9987,81.6,1.5,ml,,,,0.76,ak,ak15061503,2017-01-11T22:40:07.058Z,"21km S of Cantwell, Alaska",earthquake,,0.5,,,automatic,ak,ak
2017-01-11T22:32:55.319Z,61.386,-147.681,0,1.5,ml,,,,0.85,ak,ak15061505,2017-01-11T22:40:07.312Z,"72km ESE of Lazy Mountain, Alaska",earthquake,,0.5,,,automatic,ak,ak
2017-01-11T22:32:22.410Z,37.6391667,-118.9281667,5.03,1.29,md,17,70,0.02371,0.04,nc,nc72751145,2017-01-12T18:26:03.755Z,"4km ESE of Mammoth Lakes, California",earthquake,0.28,0.48,0.197,12,reviewed,nc,nc
2017-01-11T22:30:49.210Z,38.8398323,-122.831665,2.3,0.86,md,7,111,0.01617,0.01,nc,nc72751140,2017-01-11T22:32:31.670Z,"9km WNW of Cobb, California",earthquake,0.64,1.04,0.05,2,automatic,nc,nc
2017-01-11T22:20:50.290Z,34.5936667,-116.2883333,2.99,1.52,ml,26,40,0.1438,0.19,ci,ci37784048,2017-01-12T14:51:49.739Z,"18km SW of Ludlow, CA",earthquake,0.24,1.06,0.111,23,reviewed,ci,ci
2017-01-11T22:14:48.010Z,49.4313333,-120.524,-0.51,2.25,ml,11,226,0.5974,0.43,uw,uw61228352,2017-01-11T22:46:43.760Z,"3km SSW of Princeton, Canada",explosion,2.42,31.61,0.122,9,reviewed,uw,uw
2017-01-11T22:13:55.660Z,-22.806,-69.8664,74.32,4.3,mb,,109,0.289,0.92,us,us10007sna,2017-01-11T23:18:58.338Z,"86km SSE of Tocopilla, Chile",earthquake,4.5,5.4,0.142,14,reviewed,us,us
2017-01-11T22:06:59.150Z,-20.1581,46.6332,8.7,5.5,mww,,41,1.265,0.72,us,us10007snb,2017-01-12T18:15:22.718Z,"42km SSW of Betafo, Madagascar",earthquake,6,3.3,0.093,11,reviewed,us,us
2017-01-11T22:00:29.079Z,61.4279,-152.3338,8.7,0.9,ml,,,,0.22,ak,ak15061475,2017-01-11T22:13:13.179Z,"99km NW of Nikiski, Alaska",earthquake,,0.3,,,automatic,ak,ak
2017-01-11T21:58:17.910Z,-22.8175,-69.8823,69.06,5.8,mww,,84,0.307,1.4,us,us10007sn1,2017-01-12T23:15:40.168Z,"86km SSE of Tocopilla, Chile",earthquake,5.1,2.2,0.054,33,reviewed,us,us
2017-01-11T21:53:35.440Z,38.77,-122.6935,2.05,0.61,md,15,95,0.004871,0.05,nc,nc72751130,2017-01-14T00:27:30.108Z,"5km E of The Geysers, California",earthquake,0.35,0.42,0.226,4,reviewed,nc,nc
2017-01-11T21:49:38.667Z,61.9282,-149.3881,45.2,1.3,ml,,,,0.27,ak,ak15061472,2017-01-11T21:55:30.769Z,"22km NNW of Fishhook, Alaska",earthquake,,0.9,,,automatic,ak,ak
2017-01-11T21:41:09.650Z,12.2801,141.1447,43,5,mb,,59,3.856,0.86,us,us10007smq,2017-01-11T21:57:35.040Z,"286km NNE of Fais, Micronesia",earthquake,9.2,7.4,0.067,70,reviewed,us,us
2017-01-11T21:34:28.370Z,36.5162,-98.9704,5.73,2.7,mb_lg,,111,0.122,0.25,us,us10007sml,2017-01-11T22:58:34.040Z,"22km ENE of Mooreland, Oklahoma",earthquake,1.4,5.8,0.086,35,reviewed,us,us
2017-01-11T21:34:04.240Z,-42.7872,171.6885,12.66,4.2,mb,,48,0.19,0.93,us,us10007smk,2017-01-12T08:32:20.525Z,"53km SE of Greymouth, New Zealand",earthquake,3.5,6.9,0.373,2,reviewed,us,us
2017-01-11T21:31:04.330Z,38.7885017,-122.7651672,2,0.91,md,11,103,0.01776,0.02,nc,nc72751125,2017-01-11T21:32:45.461Z,"1km NNW of The Geysers, California",earthquake,0.37,0.73,0.08,5,automatic,nc,nc
2017-01-11T21:29:41.669Z,37.2612,-114.6367,2.4,1.4,ml,5,106.72,0.36,0.1561,nn,nn00573507,2017-01-11T21:53:51.135Z,"40km SSW of Caliente, Nevada",earthquake,,14.5,0.05,4,reviewed,nn,nn
2017-01-11T21:29:27.160Z,47.408,-113.0856667,18.69,1.34,ml,18,146,0.323,0.13,mb,mb80196394,2017-01-12T00:53:40.390Z,"39km NE of Seeley Lake, Montana",earthquake,0.56,1.78,0.251,2,reviewed,mb,mb
2017-01-11T21:18:54.868Z,61.1462,-140.103,0,1.8,ml,,,,0.66,ak,ak15061369,2017-01-11T21:26:16.785Z,"147km WNW of Haines Junction, Canada",earthquake,,0.3,,,automatic,ak,ak
2017-01-11T21:12:05.630Z,38.8453331,-122.6644974,4.56,0.58,md,5,206,0.0668,0.01,nc,nc72751120,2017-01-11T21:13:56.205Z,"5km ENE of Cobb, California",earthquake,3.36,7.6,0.05,2,automatic,nc,nc
2017-01-11T21:08:29.230Z,46.3658333,-111.37,5.72,0.5,md,7,194,0.244,0.05,mb,mb80196484,2017-01-12T16:01:42.900Z,"12km ENE of Townsend, Montana",earthquake,0.57,6.53,0.419,2,reviewed,mb,mb
2017-01-11T21:05:08.745Z,60.8292,-152.2793,119.4,1.9,ml,,,,0.54,ak,ak15061368,2017-01-11T21:09:54.478Z,"45km NNE of Redoubt Volcano, Alaska",earthquake,,1,,,automatic,ak,ak
2017-01-11T20:46:08.585Z,38.4309,-118.8851,8.7,1,ml,6,246.81,0.346,0.1763,nn,nn00573518,2017-01-11T22:03:05.844Z,"25km WSW of Hawthorne, Nevada",earthquake,,3.3,0.09,2,reviewed,nn,nn
2017-01-11T20:44:51.668Z,64.7624,-147.2642,10.7,1.1,ml,,,,0.45,ak,ak15061364,2017-01-11T20:54:12.400Z,"4km ENE of North Pole, Alaska",earthquake,,0.4,,,automatic,ak,ak
2017-01-11T20:39:13.420Z,38.8258324,-122.8568344,1.71,0.86,md,11,78,0.01688,0.03,nc,nc72751115,2017-01-11T20:40:50.678Z,"10km WNW of The Geysers, California",earthquake,0.28,0.72,0.05,2,automatic,nc,nc
2017-01-11T20:34:13.250Z,41.7565,-112.8186667,4.74,1.26,ml,5,241,0.04004,0.09,uu,uu60181452,2017-01-11T21:46:38.300Z,"42km E of Park Valley, Utah",earthquake,1.16,0.68,0.252,2,reviewed,uu,uu
2017-01-11T20:23:57.582Z,39.6463,-120.0279,8.9,0.6,ml,4,99.51,0.065,0.0447,nn,nn00573486,2017-01-11T21:04:19.960Z,"5km SW of Cold Springs, Nevada",earthquake,,3,0.17,3,reviewed,nn,nn
2017-01-11T20:19:49.713Z,38.3937,-118.9082,8.9,1.4,ml,8,194.38,0.347,0.1045,nn,nn00573512,2017-01-11T21:41:26.529Z,"28km WSW of Hawthorne, Nevada",earthquake,,1.9,0.35,3,reviewed,nn,nn
2017-01-11T20:17:08.529Z,60.7772,-148.1237,23.6,1.4,ml,,,,0.65,ak,ak15061361,2017-01-11T20:23:18.605Z,"30km E of Whittier, Alaska",earthquake,,0.2,,,automatic,ak,ak
2017-01-11T20:14:16.740Z,37.5953333,-118.8543333,2.34,0.74,md,13,166,0.02073,0.16,nc,nc72751110,2017-01-11T22:21:02.358Z,"11km ESE of Mammoth Lakes, California",earthquake,0.57,1.28,0.079,8,reviewed,nc,nc
2017-01-11T20:11:29.660Z,37.4931667,-118.0196667,1.22,1.53,md,12,275,0.2444,0.08,nc,nc72751105,2017-01-14T04:15:03.557Z,"36km ENE of Bishop, California",earthquake,0.8,2.27,0.246,11,reviewed,nc,nc
2017-01-11T20:09:05.720Z,35.8273333,-119.268,18.93,2.3,ml,27,88,0.1496,0.21,ci,ci37784024,2017-01-11T21:27:38.410Z,"7km NNW of Delano, CA",earthquake,0.26,0.65,0.149,23,reviewed,ci,ci
2017-01-11T20:06:07.690Z,-20.4505,-178.0979,529.91,4.9,mb,,108,4.526,0.91,us,us10007sll,2017-01-11T20:19:36.040Z,"66km ENE of Ndoi Island, Fiji",earthquake,14.9,11.4,0.12,22,reviewed,us,us
2017-01-11T20:05:18.251Z,38.3725,-118.8954,7.6,1.2,ml,5,281.11,0.33,0.1289,nn,nn00573508,2017-01-11T21:35:08.225Z,"29km SW of Hawthorne, Nevada",earthquake,,3.1,0.06,2,reviewed,nn,nn
2017-01-11T20:04:31.173Z,62.1251,-148.3081,40.6,0.9,ml,,,,0.15,ak,ak15061356,2017-01-11T20:10:36.784Z,"46km NE of Sutton-Alpine, Alaska",earthquake,,1.2,,,automatic,ak,ak
2017-01-11T20:00:49.249Z,60.3923,-148.3595,0,1.9,ml,,,,0.79,ak,ak15061353,2017-01-11T20:06:56.104Z,"46km SSE of Whittier, Alaska",earthquake,,0.2,,,automatic,ak,ak
2017-01-11T19:45:16.860Z,37.19,-118.4435,14.61,1.9,md,10,275,0.1888,0.08,nc,nc72751095,2017-01-11T22:24:02.049Z,"13km WNW of Big Pine, California",earthquake,0.92,0.71,0.06,6,reviewed,nc,nc
2017-01-11T19:42:46.360Z,51.3692,-178.0121,32.2,5,mb,,111,0.721,1.04,us,us10007sl6,2017-01-11T21:26:17.023Z,"57km S of Tanaga Volcano, Alaska",earthquake,8.1,4.7,0.035,254,reviewed,us,us
2017-01-11T19:04:31.784Z,38.3809,-118.9352,9.2,1.1,ml,7,237.36,0.362,0.1124,nn,nn00573447,2017-01-11T19:37:26.804Z,"29km ENE of Bridgeport, California",earthquake,,13.5,0.03,2,reviewed,nn,nn
2017-01-11T19:02:20.810Z,33.5151667,-116.4528333,6.66,0.8,ml,24,101,0.02411,0.12,ci,ci37783968,2017-01-11T19:22:24.246Z,"21km ESE of Anza, CA",earthquake,0.26,0.56,0.095,13,reviewed,ci,ci
2017-01-11T18:54:49.320Z,38.8149986,-122.8118362,2.65,1.03,md,19,89,0.008496,0.03,nc,nc72751085,2017-01-11T18:56:30.151Z,"6km NW of The Geysers, California",earthquake,0.25,0.48,0.08,6,automatic,nc,nc
2017-01-11T18:54:41.490Z,38.8193321,-122.8096695,2.91,1.31,md,17,77,0.004069,0.02,nc,nc72751080,2017-01-11T19:14:02.624Z,"6km NW of The Geysers, California",earthquake,0.32,0.57,0.6,3,automatic,nc,nc
2017-01-11T18:47:35.490Z,41.7515,-112.805,5.58,1.4,ml,8,223,0.036,0.07,uu,uu60181437,2017-01-11T21:36:51.540Z,"44km E of Park Valley, Utah",earthquake,0.92,0.54,0.332,2,reviewed,uu,uu
2017-01-11T18:44:25.080Z,19.378,-155.2811667,2.502,1.17,md,29,47,0.008503,0.08,hv,hv61557401,2017-01-12T00:33:33.680Z,"7km SW of Volcano, Hawaii",earthquake,0.17,0.2,0.296,10,reviewed,hv,hv
2017-01-11T18:43:32.884Z,64.4756,-147.3572,5.1,-0.1,ml,,,,0.12,ak,ak15061233,2017-01-12T06:40:15.832Z,"22km WSW of Salcha, Alaska",earthquake,,1.1,,,reviewed,ak,ak
2017-01-11T18:42:40.490Z,33.4288333,-116.6086667,10.13,0.68,ml,23,69,0.06591,0.11,ci,ci37783952,2017-01-11T19:18:36.384Z,"15km SSE of Anza, CA",earthquake,0.22,0.4,0.13,18,reviewed,ci,ci
2017-01-11T18:35:40.800Z,-5.8984,148.918,129.87,4.9,mb,,46,3.651,0.8,us,us10007sl2,2017-01-11T18:55:08.040Z,"78km WNW of Kandrian, Papua New Guinea",earthquake,7,1.6,0.053,113,reviewed,us,us
2017-01-11T18:18:14.198Z,38.3777,-118.9049,7.3,2,ml,16,73.88,0.135,0.1245,nn,nn00573414,2017-01-11T18:34:56.300Z,"29km WSW of Hawthorne, Nevada",earthquake,,3.2,0.26,7,reviewed,nn,nn
2017-01-11T17:50:24.380Z,33.7008333,-116.7998333,16.14,0.94,ml,32,125,0.07449,0.12,ci,ci37783928,2017-01-11T18:57:55.314Z,"9km WSW of Idyllwild, CA",earthquake,0.25,0.36,0.144,20,reviewed,ci,ci
2017-01-11T17:49:23.263Z,61.8481,-149.9283,13.8,1.5,ml,,,,0.64,ak,ak15061129,2017-01-11T18:01:23.940Z,"12km NNE of Willow, Alaska",earthquake,,0.3,,,automatic,ak,ak
2017-01-11T17:45:52.604Z,58.8424,-153.604,3.8,2.1,ml,,,,0.77,ak,ak15061125,2017-01-11T17:53:41.419Z,"125km SE of Old Iliamna, Alaska",earthquake,,0.2,,,automatic,ak,ak
2017-01-11T17:44:36.911Z,61.4839,-151.5579,84.2,1.1,ml,,,,0.3,ak,ak15061124,2017-01-11T17:49:59.935Z,"85km W of Big Lake, Alaska",earthquake,,1.1,,,automatic,ak,ak
2017-01-11T17:43:12.300Z,38.8416672,-122.8273315,1.8,0.69,md,6,145,0.007072,0.01,nc,nc72751070,2017-01-11T17:44:50.190Z,"9km WNW of Cobb, California",earthquake,0.85,1.27,0.27,2,automatic,nc,nc
2017-01-11T17:34:46.907Z,38.3493,-118.8893,7.5,0.7,ml,7,252.16,0.317,0.0955,nn,nn00573446,2017-01-11T19:34:21.013Z,"30km SW of Hawthorne, Nevada",earthquake,,5.1,0.19,2,reviewed,nn,nn
2017-01-11T17:26:26.900Z,34.0648333,-116.2935,12.16,0.98,ml,18,119,0.08017,0.23,ci,ci37783920,2017-01-11T18:49:35.951Z,"8km SSE of Joshua Tree, CA",earthquake,0.48,1.13,0.114,11,reviewed,ci,ci
2017-01-11T17:19:06.230Z,58.4569,-153.6827,67.9,2.6,ml,,,,0.38,ak,ak15061116,2017-01-11T17:26:22.783Z,"99km NW of Kodiak Station, Alaska",earthquake,,1,,,automatic,ak,ak
2017-01-11T17:18:59.450Z,19.394,-155.2805,2.263,0.37,md,10,71,0.006614,0.05,hv,hv61557331,2017-01-12T02:48:09.060Z,"6km SW of Volcano, Hawaii",earthquake,0.46,0.31,0.102,2,reviewed,hv,hv
2017-01-11T17:12:22.850Z,33.9761667,-116.8258333,16.94,1.92,ml,80,25,0.06072,0.13,ci,ci37783904,2017-01-11T18:36:49.220Z,"7km NE of Banning, CA",earthquake,0.11,0.29,0.162,26,reviewed,ci,ci
2017-01-11T17:08:19.178Z,64.9284,-148.6001,18,1.1,ml,,,,0.55,ak,ak15061113,2017-01-11T17:15:29.463Z,"29km WNW of Ester, Alaska",earthquake,,0.3,,,automatic,ak,ak
2017-01-11T17:04:26.730Z,33.6495,-116.7011667,13.24,0.59,ml,16,69,0.02992,0.09,ci,ci37783896,2017-01-11T18:24:52.944Z,"10km S of Idyllwild, CA",earthquake,0.26,0.44,0.159,9,reviewed,ci,ci
2017-01-11T17:03:47.120Z,33.6463333,-116.6986667,12.87,0.38,ml,13,124,0.03061,0.06,ci,ci37783888,2017-01-11T18:21:04.991Z,"10km NNW of Anza, CA",earthquake,0.23,0.44,0.154,5,reviewed,ci,ci
2017-01-11T16:36:24.350Z,38.8136673,-122.8223343,2.46,0.41,md,7,205,0.01364,0.06,nc,nc72751040,2017-01-11T16:38:05.745Z,"7km NW of The Geysers, California",earthquake,1.95,0.62,0.23,4,automatic,nc,nc
2017-01-11T16:32:47.399Z,38.3618,-118.8939,12.8,1.3,ml,9,96.26,0.325,0.115,nn,nn00573382,2017-01-11T17:51:32.034Z,"29km SW of Hawthorne, Nevada",earthquake,,11.4,0.11,2,reviewed,nn,nn
2017-01-11T16:32:09.307Z,61.118,-147.1344,3.2,1.6,ml,,,,0.89,ak,ak15061020,2017-01-11T16:38:39.769Z,"42km W of Valdez, Alaska",earthquake,,0.7,,,automatic,ak,ak
2017-01-11T16:27:25.669Z,63.5615,-147.2949,0,1.4,ml,,,,0.65,ak,ak15061016,2017-01-11T16:34:58.547Z,"84km ENE of Cantwell, Alaska",earthquake,,0.2,,,automatic,ak,ak
2017-01-11T16:24:02.565Z,59.5563,-153.0489,95.7,2.2,ml,,,,0.6,ak,ak15061011,2017-01-11T16:34:58.263Z,"72km WSW of Anchor Point, Alaska",earthquake,,0.4,,,automatic,ak,ak
2017-01-11T16:23:14.600Z,19.7943333,-155.4511667,26.978,1.59,md,4,297,0.193,0.1,hv,hv61557251,2017-01-12T02:58:21.050Z,"32km S of Honoka'a, Hawaii",earthquake,1.93,3.64,0.043,2,reviewed,hv,hv
2017-01-11T16:23:10.030Z,12.2041,141.1889,56.77,4.8,mb,,96,3.842,0.54,us,us10007skl,2017-01-11T22:18:37.040Z,"279km NNE of Fais, Micronesia",earthquake,10,6.3,0.067,69,reviewed,us,us
2017-01-11T16:18:55.350Z,38.847332,-122.8263321,1.95,0.43,md,6,146,0.007679,0,nc,nc72751020,2017-01-11T16:20:35.595Z,"9km WNW of Cobb, California",earthquake,0.82,1.44,0.15,2,automatic,nc,nc
2017-01-11T16:16:24.910Z,36.4028333,-120.9396667,6.61,2.41,md,53,74,0.1929,0.1,nc,nc72751015,2017-01-12T00:19:04.049Z,"26km NE of King City, California",earthquake,0.18,0.74,0.209,55,reviewed,nc,nc
2017-01-11T16:12:47.060Z,33.1633333,-116.093,11.47,0.96,ml,20,122,0.1382,0.2,ci,ci37783872,2017-01-11T18:14:01.059Z,"4km ENE of Ocotillo Wells, CA",earthquake,0.3,0.58,0.183,13,reviewed,ci,ci
2017-01-11T16:05:05.573Z,61.2881,-146.6805,25.8,1.2,ml,,,,0.75,ak,ak15061009,2017-01-11T16:12:21.232Z,"25km NW of Valdez, Alaska",earthquake,,0.3,,,automatic,ak,ak
2017-01-11T15:58:39.300Z,44.448,-114.1175,11.04,1.18,ml,6,103,0.529,0.18,mb,mb80196369,2017-01-11T18:35:14.000Z,"11km SE of Challis, Idaho",earthquake,3.26,5.06,0.355,3,reviewed,mb,mb
2017-01-11T15:53:08.344Z,38.3568,-118.8559,9.3,1.2,ml,9,135.33,0.123,0.1284,nn,nn00573376,2017-01-11T17:39:09.318Z,"27km SW of Hawthorne, Nevada",earthquake,,3.2,0.07,2,reviewed,nn,nn
2017-01-11T15:52:50.190Z,19.1953335,-155.4743347,36.55,1.84,md,44,140,0.04136,0.13,hv,hv61557191,2017-01-11T15:55:53.180Z,"1km SSE of Pahala, Hawaii",earthquake,0.72,0.77,0.1,4,automatic,hv,hv
2017-01-11T15:50:29.670Z,34.44,22.493,19.13,4.5,mb,,179,2.771,1.02,us,us10007skd,2017-01-11T22:07:09.040Z,"139km SW of Palaiochora, Greece",earthquake,9.2,5.7,0.061,80,reviewed,us,us
2017-01-11T15:48:26.556Z,38.3675,-118.8716,13.7,0.8,ml,4,294.39,0.311,0.0572,nn,nn00573430,2017-01-11T18:50:46.139Z,"27km SW of Hawthorne, Nevada",earthquake,,20.6,0.06,2,reviewed,nn,nn
2017-01-11T15:43:25.890Z,33.2203333,-116.7301667,12.5,0.78,ml,31,79,0.0286,0.16,ci,ci37783864,2017-01-11T15:59:21.593Z,"4km SE of Lake Henshaw, CA",earthquake,0.23,0.48,0.092,11,reviewed,ci,ci
2017-01-11T15:39:52.089Z,36.5216,-116.3356,8.5,-0.2,ml,6,210.95,0.082,0.0813,nn,nn00573428,2017-01-11T18:44:25.205Z,"46km NW of Pahrump, Nevada",earthquake,,4.4,0.28,2,reviewed,nn,nn
2017-01-11T15:34:56.187Z,59.6181,-153.0313,85.7,1.4,ml,,,,0.37,ak,ak15061123,2017-01-11T17:46:18.605Z,"69km WSW of Anchor Point, Alaska",earthquake,,0.7,,,reviewed,ak,ak
2017-01-11T15:32:55.578Z,51.3909,-176.0431,25.6,2.6,ml,,,,0.45,ak,ak15061006,2017-01-11T17:42:37.243Z,"69km SE of Adak, Alaska",earthquake,,3.9,,,reviewed,ak,ak
2017-01-11T15:17:50.960Z,38.7729988,-122.7350006,0.96,1.54,md,9,166,0.01031,0.03,nc,nc72751000,2017-01-11T15:32:03.091Z,"1km ESE of The Geysers, California",earthquake,0.45,0.61,0.17,4,automatic,nc,nc
2017-01-11T15:03:07.300Z,38.3905,-118.8844,10.7,2.2,ml,14,73.17,0.115,0.1945,nn,nn00573373,2017-01-11T16:07:41.199Z,"27km WSW of Hawthorne, Nevada",earthquake,,2,0.26,7,reviewed,nn,nn
2017-01-11T14:38:39.070Z,12.2323,141.0752,10,5.5,mb,,47,3.936,1.05,us,us10007sk0,2017-01-11T16:44:33.175Z,"279km NNE of Fais, Micronesia",earthquake,8.8,1.9,0.048,150,reviewed,us,us
2017-01-11T14:38:00.763Z,38.4321,-118.8918,6,1.4,ml,8,205.2,0.102,0.1389,nn,nn00573440,2017-01-11T19:18:57.587Z,"25km WSW of Hawthorne, Nevada",earthquake,,3.2,0.03,3,reviewed,nn,nn
2017-01-11T14:37:48.899Z,38.4112,-118.9078,13.7,1.2,ml,6,219.05,0.354,0.1221,nn,nn00573372,2017-01-11T17:29:45.946Z,"27km WSW of Hawthorne, Nevada",earthquake,,18.7,0.16,3,reviewed,nn,nn
2017-01-11T14:28:04.880Z,40.6567,51.9821,38.17,4.6,mb,,58,5.482,0.78,us,us10007sjy,2017-01-11T14:45:48.040Z,"108km NW of Turkmenbasy, Turkmenistan",earthquake,6.6,8.2,0.082,45,reviewed,us,us
2017-01-11T14:20:59.950Z,12.2512,141.0389,10,4.9,mb,,59,3.963,0.83,us,us10007sjv,2017-01-11T14:38:11.040Z,"280km NNE of Fais, Micronesia",earthquake,3.2,1.9,0.065,74,reviewed,us,us
2017-01-11T14:10:02.359Z,39.4536,-117.7398,5.6,1.5,ml,9,133.43,0.327,0.266,nn,nn00573371,2017-01-12T02:37:57.843Z,"57km W of Austin, Nevada",earthquake,,7,0.24,4,reviewed,nn,nn
2017-01-11T14:04:47.870Z,38.8209991,-122.8548355,1.47,0.19,md,8,92,0.006727,0.02,nc,nc72750995,2017-01-11T14:06:27.009Z,"9km WNW of The Geysers, California",earthquake,0.33,0.81,0.11,2,automatic,nc,nc
2017-01-11T14:01:38.587Z,38.318,-118.9535,9.3,0.9,ml,5,301.48,0.359,0.1642,nn,nn00573420,2017-01-12T02:38:46.639Z,"25km ENE of Bridgeport, California",earthquake,,44.6,0.01,2,reviewed,nn,nn
2017-01-11T13:52:56.144Z,63.4698,-151.3585,5.2,1.4,ml,,,,0.52,ak,ak15060903,2017-01-11T14:07:09.467Z,"120km W of Cantwell, Alaska",earthquake,,0.3,,,automatic,ak,ak
2017-01-11T13:41:54.067Z,62.4718,-152.3503,3.2,1,ml,,,,0.38,ak,ak15060900,2017-01-11T13:55:46.066Z,"117km W of Talkeetna, Alaska",earthquake,,0.4,,,automatic,ak,ak
2017-01-11T13:32:27.450Z,33.2395,-116.6656667,8.28,0.65,ml,17,77,0.04309,0.2,ci,ci37783832,2017-01-11T14:17:01.209Z,"6km SSW of Warner Springs, CA",earthquake,0.39,0.85,0.154,14,reviewed,ci,ci
2017-01-11T13:31:59.500Z,62.4761,-148.6183,55,0.6,ml,,,,0.41,ak,ak15060899,2017-01-12T06:01:49.905Z,"72km ENE of Y, Alaska",earthquake,,0.9,,,reviewed,ak,ak
2017-01-11T13:30:16.473Z,59.6452,-139.3315,4.9,2,ml,,,,0.5,ak,ak15060897,2017-01-11T13:38:01.418Z,"24km ENE of Yakutat, Alaska",earthquake,,0.3,,,automatic,ak,ak
2017-01-11T13:07:50.509Z,38.3642,-118.8841,14.5,1,ml,4,290.85,0.318,0.0807,nn,nn00573419,2017-01-12T02:38:45.176Z,"28km SW of Hawthorne, Nevada",earthquake,,2.3,0.02,2,reviewed,nn,nn
2017-01-11T12:54:55.280Z,38.7498333,-122.7173333,1.51,1.69,md,31,142,0.01015,0.05,nc,nc72750985,2017-01-12T22:25:02.222Z,"4km SE of The Geysers, California",earthquake,0.28,0.29,0.263,7,reviewed,nc,nc
2017-01-11T12:41:14.630Z,38.7531667,-122.7183333,-0.06,1.44,md,23,139,0.009841,0.06,nc,nc72750980,2017-01-12T20:28:02.982Z,"4km SE of The Geysers, California",earthquake,0.43,0.48,0.303,5,reviewed,nc,nc
2017-01-11T12:36:29.754Z,61.6843,-151.231,10.6,1.3,ml,,,,0.73,ak,ak15060810,2017-01-11T12:41:56.743Z,"63km W of Willow, Alaska",earthquake,,0.2,,,automatic,ak,ak
2017-01-11T12:34:12.880Z,33.9795,-116.3098333,2.47,1.18,ml,43,52,0.09089,0.14,ci,ci37783824,2017-01-11T15:47:29.800Z,"17km S of Joshua Tree, CA",earthquake,0.13,0.21,0.161,33,reviewed,ci,ci
2017-01-11T12:31:18.880Z,47.471,-112.7313333,14.97,0.61,md,11,205,0.445,0.19,mb,mb80196364,2017-01-11T18:28:23.590Z,"55km SW of Choteau, Montana",earthquake,2.24,1.36,0.257,4,reviewed,mb,mb
2017-01-11T12:30:14.425Z,38.3844,-118.9025,9.6,1.3,ml,6,140.77,0.339,0.1558,nn,nn00573411,2017-01-12T02:38:34.091Z,"28km WSW of Hawthorne, Nevada",earthquake,,5.8,0.12,2,reviewed,nn,nn
2017-01-11T12:17:14.870Z,33.5045,-116.5276667,9.08,0.31,ml,16,104,0.05293,0.12,ci,ci37783816,2017-01-11T14:17:31.514Z,"15km ESE of Anza, CA",earthquake,0.31,0.63,0.128,8,reviewed,ci,ci
2017-01-11T11:51:14.885Z,61.3578,-147.9051,0,1.5,ml,,,,0.8,ak,ak15060796,2017-01-11T11:58:35.442Z,"62km ESE of Lazy Mountain, Alaska",earthquake,,0.4,,,automatic,ak,ak
2017-01-11T11:43:31.972Z,36.6145,-117.0644,6.4,0.2,ml,6,264.17,0.305,0.1862,nn,nn00573438,2017-01-12T02:39:05.467Z,"42km SW of Beatty, Nevada",earthquake,,12.2,0.32,3,reviewed,nn,nn
2017-01-11T11:36:01.300Z,33.4885,-116.78,4.12,1.03,ml,38,37,0.08459,0.14,ci,ci37783808,2017-01-11T14:17:46.860Z,"9km ENE of Aguanga, CA",earthquake,0.15,0.46,0.123,27,reviewed,ci,ci
2017-01-11T11:20:36.710Z,47.212,-122.4903333,12.59,2.6,ml,33,90,0.0292,0.24,uw,uw61228202,2017-01-16T11:20:10.280Z,"3km SSE of Fircrest, Washington",earthquake,0.38,0.77,0.251,39,reviewed,uw,uw
2017-01-11T11:17:10.070Z,19.387,-155.2783333,2.542,1.02,md,34,43,0.003226,0.09,hv,hv61557036,2017-01-11T23:14:22.660Z,"6km SW of Volcano, Hawaii",earthquake,0.16,0.11,0.243,10,reviewed,hv,hv
2017-01-11T11:16:42.990Z,33.9906667,-116.7361667,16.03,0.93,ml,26,114,0.08645,0.23,ci,ci37783800,2017-01-11T14:17:52.747Z,"9km NNE of Cabazon, CA",earthquake,0.5,1.04,0.202,27,reviewed,ci,ci
2017-01-11T11:16:21.229Z,61.1433,-140.0308,0.5,1.6,ml,,,,0.73,ak,ak15060790,2017-01-11T11:29:07.685Z,"143km WNW of Haines Junction, Canada",earthquake,,0.3,,,automatic,ak,ak
2017-01-11T11:09:04.628Z,64.6728,-149.0937,15.5,0.9,ml,,,,0.63,ak,ak15060787,2017-01-11T11:18:04.226Z,"10km N of North Nenana, Alaska",earthquake,,0.2,,,automatic,ak,ak
2017-01-11T10:43:52.661Z,58.4186,-155.7201,119.6,2.5,ml,,,,0.78,ak,ak15060777,2017-01-11T10:58:38.982Z,"62km ESE of King Salmon, Alaska",earthquake,,0.9,,,automatic,ak,ak
2017-01-11T10:10:07.140Z,19.374,-155.2268333,3.219,1.34,md,50,58,0.01071,0.07,hv,hv61556926,2017-01-11T23:41:49.720Z,"6km S of Volcano, Hawaii",earthquake,0.19,0.21,0.082,16,reviewed,hv,hv
2017-01-11T10:03:37.370Z,38.8264999,-122.807663,4.05,1.85,md,24,55,0.003628,0.14,nc,nc72750960,2017-01-11T10:18:02.399Z,"7km W of Cobb, California",earthquake,0.47,0.82,0.11,9,automatic,nc,nc
2017-01-11T09:50:24.532Z,36.5276,-116.3138,7.7,1.7,ml,26,56.63,0.079,0.1107,nn,nn00573369,2017-01-12T02:37:55.715Z,"46km NW of Pahrump, Nevada",earthquake,,1,0.23,15,reviewed,nn,nn
2017-01-11T09:49:48.410Z,38.8163338,-122.8099976,7.9,1.2,md,7,171,0.0142,0.06,nc,nc72750955,2017-01-11T10:06:03.382Z,"6km NW of The Geysers, California",earthquake,1.98,1.49,0.16,2,automatic,nc,nc
2017-01-11T09:29:17.610Z,33.7598333,-116.044,2.52,0.96,ml,29,110,0.1124,0.15,ci,ci37783784,2017-01-11T15:40:10.337Z,"15km NE of Coachella, CA",earthquake,0.18,0.36,0.161,9,reviewed,ci,ci
2017-01-11T09:24:41.700Z,19.1758,-64.482,42,3.1,Md,9,306,0.88304392,0.31,pr,pr17011001,2017-01-11T12:10:59.165Z,"85km N of Road Town, British Virgin Islands",earthquake,4.8,15.9,0,7,reviewed,pr,pr
2017-01-11T09:10:09.386Z,38.4343,-118.8944,8.5,1.6,ml,6,142.69,0.35,0.1302,nn,nn00573434,2017-01-12T02:39:03.942Z,"25km WSW of Hawthorne, Nevada",earthquake,,4.7,0.14,3,reviewed,nn,nn
2017-01-11T09:10:03.851Z,65.2646,-146.9278,0.7,1,ml,,,,0.38,ak,ak15060769,2017-01-11T09:25:55.580Z,"59km NNE of Badger, Alaska",earthquake,,0.9,,,automatic,ak,ak
2017-01-11T08:55:24.990Z,33.6316667,-116.7346667,14.57,0.63,ml,14,83,0.04514,0.1,ci,ci37783776,2017-01-11T14:18:25.907Z,"10km NNW of Anza, CA",earthquake,0.31,0.72,0.302,11,reviewed,ci,ci
2017-01-11T08:55:16.210Z,45.9748333,-114.7015,10.67,1.02,ml,7,142,0.589,0.13,mb,mb80196354,2017-01-11T15:28:44.640Z,"51km SW of Hamilton, Montana",earthquake,0.96,1.51,0.513,3,reviewed,mb,mb
2017-01-11T08:54:28.920Z,32.723,-115.9836667,10.64,1.54,ml,25,59,0.03875,0.22,ci,ci37783768,2017-01-11T14:18:55.590Z,"2km SE of Ocotillo, CA",earthquake,0.42,0.62,0.181,27,reviewed,ci,ci
2017-01-11T08:53:22.070Z,46.637,-112.2876667,7.25,-0.45,md,6,112,0.115,0.02,mb,mb80196349,2017-01-11T15:23:13.760Z,"14km WNW of Helena West Side, Montana",earthquake,0.57,1.04,,1,reviewed,mb,mb
2017-01-11T08:47:30.260Z,33.9776667,-116.3076667,2.07,1.7,ml,40,41,0.09177,0.18,ci,ci37783760,2017-01-11T14:19:05.470Z,"18km S of Joshua Tree, CA",earthquake,0.26,0.5,0.173,27,reviewed,ci,ci
2017-01-11T08:43:27.820Z,19.4303333,-155.3126667,5.391,0.77,md,22,92,0.02233,0.08,hv,hv61556761,2017-01-14T00:06:10.440Z,"7km W of Volcano, Hawaii",earthquake,0.32,0.69,0.132,7,reviewed,hv,hv
2017-01-11T08:42:06.910Z,32.7285,-115.9846667,11.01,1.35,ml,16,57,0.09638,0.18,ci,ci37783752,2017-01-11T14:18:29.871Z,"1km SE of Ocotillo, CA",earthquake,0.36,0.62,0.195,24,reviewed,ci,ci
2017-01-11T08:24:58.690Z,33.7613333,-116.0443333,2.55,1.08,ml,33,59,0.1138,0.13,ci,ci37783744,2017-01-11T15:35:21.377Z,"15km NE of Coachella, CA",earthquake,0.14,0.33,0.097,15,reviewed,ci,ci
2017-01-11T08:05:15.420Z,33.5121667,-116.4551667,4.79,1.2,ml,38,75,0.02705,0.21,ci,ci37783736,2017-01-11T14:19:17.320Z,"21km ESE of Anza, CA",earthquake,0.27,0.87,0.173,27,reviewed,ci,ci
2017-01-11T08:04:06.450Z,39.1037,-107.2624,2.14,2.3,ml,,65,0.236,0.45,us,us10007t92,2017-01-15T01:45:48.040Z,"30km WSW of Snowmass Village, Colorado",earthquake,2.3,6.5,0.061,35,reviewed,us,us
2017-01-11T07:58:39.530Z,35.9673333,-117.9055,3.22,1.46,ml,15,138,0.04214,0.1,ci,ci37783728,2017-01-11T14:20:43.515Z,"3km N of Little Lake, CA",earthquake,0.28,0.6,0.248,18,reviewed,ci,ci
2017-01-11T07:56:42.154Z,60.9884,-152.0709,134,1.7,ml,,,,0.67,ak,ak15060684,2017-01-11T08:05:15.301Z,"53km NW of Nikiski, Alaska",earthquake,,0.9,,,automatic,ak,ak
2017-01-11T07:50:37.000Z,18.9941,-64.9319,31,2.8,Md,6,284.4,0.67643141,0.18,pr,pr17011000,2017-01-11T11:48:40.675Z,"72km N of Charlotte Amalie, U.S. Virgin Islands",earthquake,3,13.3,0,6,reviewed,pr,pr
2017-01-11T07:48:06.914Z,61.1698,-149.111,20,1.6,ml,,,,0.99,ak,ak15060681,2017-01-11T07:58:23.098Z,"41km S of Butte, Alaska",earthquake,,0.3,,,automatic,ak,ak
2017-01-11T07:41:16.880Z,44.8075,-111.8313333,5.22,0.33,md,3,189,0.141,0.02,mb,mb80196344,2017-01-11T15:19:33.730Z,"54km S of Virginia City, Montana",earthquake,1.02,6.32,0.149,2,reviewed,mb,mb
2017-01-11T07:30:08.387Z,39.5608,-115.8144,8.4,1.8,ml,5,95.41,0.923,0.1764,nn,nn00573365,2017-01-12T02:37:40.953Z,"13km ENE of Eureka, Nevada",earthquake,,5.5,0,1,reviewed,nn,nn
2017-01-11T07:14:59.434Z,38.3939,-118.9245,7.1,1.4,ml,7,141.04,0.359,0.1636,nn,nn00573364,2017-01-12T02:37:37.908Z,"29km WSW of Hawthorne, Nevada",earthquake,,4.5,0.05,3,reviewed,nn,nn
2017-01-11T07:02:11.880Z,37.0255,-97.4705,4.16,1.88,ml,9,115,0.01389,0.03,ismpkansas,ismpkansas70217543,2017-01-15T02:35:45.960Z,"12km E of Caldwell, Kansas",earthquake,0.41,0.41,0.168,10,reviewed,ismp,ismp
2017-01-11T06:46:56.848Z,61.6342,-149.7475,46.4,1.6,ml,,,,0.32,ak,ak15060670,2017-01-11T06:56:17.275Z,"3km E of Houston, Alaska",earthquake,,0.6,,,automatic,ak,ak
2017-01-11T06:32:33.875Z,63.1104,-144.3282,1.4,1.6,ml,,,,0.51,ak,ak15060586,2017-01-11T06:48:55.047Z,"72km WSW of Tok, Alaska",earthquake,,0.3,,,automatic,ak,ak
2017-01-11T06:26:43.140Z,33.4828333,-116.4341667,12.48,0.81,ml,22,90,0.1297,0.2,ci,ci37783720,2017-01-11T14:20:42.181Z,"23km SSW of La Quinta, CA",earthquake,0.31,0.93,0.162,23,reviewed,ci,ci
2017-01-11T06:24:53.040Z,13.4537,124.1312,67.05,4.8,mb,,100,9.923,1.26,us,us10007sit,2017-01-13T03:27:50.674Z,"16km SSE of Calolbon, Philippines",earthquake,10.7,7.5,0.063,77,reviewed,us,us
2017-01-11T06:23:14.870Z,37.1503333,-98.002,6.72,1.53,ml,9,191,0.08018,0.04,ismpkansas,ismpkansas70217538,2017-01-15T02:22:05.980Z,"2km E of Anthony, Kansas",earthquake,0.4,1.15,0.17,13,reviewed,ismp,ismp
2017-01-11T06:21:39.500Z,37.1668333,-97.797,4.44,2.1,ml,14,101,0.0332,0.03,ismpkansas,ismpkansas70217533,2017-01-15T01:54:16.030Z,"20km E of Anthony, Kansas",earthquake,0.18,0.43,0.072,17,reviewed,ismp,ismp
2017-01-11T06:12:02.300Z,38.4289,-118.9034,6.5,1.9,ml,9,106.75,0.112,0.154,nn,nn00573355,2017-01-12T02:37:35.965Z,"26km WSW of Hawthorne, Nevada",earthquake,,3.5,0.26,6,reviewed,nn,nn
2017-01-11T06:10:22.730Z,38.882,-122.726,4.59,0.54,md,10,287,0.09897,0.04,nc,nc72750925,2017-01-13T18:29:32.297Z,"6km N of Cobb, California",earthquake,2.09,4.87,,1,reviewed,nc,nc
2017-01-11T06:05:38.062Z,38.3918,-118.9135,7.5,1.5,ml,6,139.78,0.35,0.1182,nn,nn00573421,2017-01-12T02:38:48.285Z,"29km WSW of Hawthorne, Nevada",earthquake,,5.7,0,2,reviewed,nn,nn
2017-01-11T06:01:46.280Z,39.6193333,-121.9486667,6.37,2.17,md,9,159,0.3524,0.07,nc,nc72750920,2017-01-14T01:21:04.702Z,"13km WSW of Durham, California",earthquake,0.42,8.8,0.187,13,reviewed,nc,nc
2017-01-11T06:00:50.694Z,37.0444,-117.8198,6.1,0.7,ml,6,224.39,0.234,0.1992,nn,nn00573413,2017-01-12T02:38:35.614Z,"43km ESE of Big Pine, California",earthquake,,7.8,0.3,3,reviewed,nn,nn
2017-01-11T05:48:17.340Z,38.8214989,-122.8046646,3.12,0.78,md,10,90,0.00463,0.08,nc,nc72750910,2017-01-11T05:51:06.120Z,"6km NW of The Geysers, California",earthquake,0.45,1.14,0.5,3,automatic,nc,nc
2017-01-11T05:43:36.100Z,36.0486679,-120.6125031,5.12,1.7,md,8,100,0.02406,0.07,nc,nc72750905,2017-01-11T06:11:02.825Z,"24km WSW of Coalinga, California",earthquake,0.73,1.13,0.95,4,automatic,nc,nc
2017-01-11T05:43:18.660Z,33.6636667,-116.7691667,15.36,0.53,ml,25,50,0.06594,0.12,ci,ci37783712,2017-01-11T14:20:45.692Z,"10km SSW of Idyllwild, CA",earthquake,0.25,0.49,0.197,17,reviewed,ci,ci
2017-01-11T05:30:30.510Z,19.1986675,-155.0910034,51.88,2.33,md,53,217,0.0939,0.15,hv,hv61556421,2017-01-11T05:33:54.820Z,"29km SSE of Volcano, Hawaii",earthquake,0.69,0.6,0.22,10,automatic,hv,hv
2017-01-11T05:22:47.260Z,36.0828333,-120.6096667,4.08,0.56,md,9,215,0.01776,0.07,nc,nc72750895,2017-01-14T00:30:04.071Z,"23km WSW of Coalinga, California",earthquake,1.29,0.51,0.278,6,reviewed,nc,nc
2017-01-11T05:22:46.310Z,19.2986667,-155.2105,6.01,1.67,md,50,119,0.02189,0.12,hv,hv61556341,2017-01-12T00:13:46.080Z,"14km S of Volcano, Hawaii",earthquake,0.29,0.57,0.218,20,reviewed,hv,hv
2017-01-11T05:19:38.469Z,64.8037,-149.5878,15,-0.2,ml,,,,0.25,ak,ak15060578,2017-01-12T00:55:25.558Z,"33km NW of North Nenana, Alaska",earthquake,,0.4,,,reviewed,ak,ak
2017-01-11T05:18:52.072Z,63.812,-149.0779,52.6,0.9,ml,,,,0.16,ak,ak15061884,2017-01-12T00:58:06.839Z,"7km SW of Healy, Alaska",earthquake,,15.9,,,reviewed,ak,ak
2017-01-11T05:16:31.320Z,37.4096667,-118.524,7.98,1.43,md,22,107,0.0645,0.06,nc,nc72750890,2017-01-12T02:37:32.166Z,"8km NW of West Bishop, California",earthquake,0.59,1.27,0.165,18,reviewed,nc,nc
2017-01-11T04:37:51.176Z,38.4024,-118.916,9.2,1.6,ml,8,94.3,0.356,0.1125,nn,nn00573409,2017-01-12T02:38:32.232Z,"28km WSW of Hawthorne, Nevada",earthquake,,9.1,0.17,3,reviewed,nn,nn
2017-01-11T04:27:52.026Z,66.7575,-147.5273,9.8,2.9,ml,,,,0.63,ak,ak15060571,2017-01-11T04:42:54.515Z,"101km WNW of Fort Yukon, Alaska",earthquake,,0.9,,,automatic,ak,ak
2017-01-11T04:18:28.740Z,38.8128319,-122.8311691,2.1,1.53,md,18,83,0.004253,0.04,nc,nc72750880,2017-01-11T04:43:03.190Z,"7km WNW of The Geysers, California",earthquake,0.31,0.43,0.12,4,automatic,nc,nc
2017-01-11T04:16:47.630Z,33.2463333,-116.3956667,4.87,1.03,ml,26,165,0.02828,0.14,ci,ci37783704,2017-01-11T14:20:44.645Z,"2km WSW of Borrego Springs, CA",earthquake,0.33,0.27,0.184,29,reviewed,ci,ci
2017-01-11T04:12:56.697Z,61.3894,-151.4314,91.7,1.4,ml,,,,0.52,ak,ak15060568,2017-01-11T04:20:38.228Z,"78km N of Nikiski, Alaska",earthquake,,1.1,,,automatic,ak,ak
2017-01-11T03:59:36.660Z,38.8271667,-122.8273333,0.52,0.17,md,9,96,0.007246,0.02,nc,nc72750870,2017-01-13T19:50:51.669Z,"8km NW of The Geysers, California",earthquake,0.3,0.65,0.065,2,reviewed,nc,nc
2017-01-11T03:40:37.540Z,38.8433342,-122.829834,1.28,0.77,md,6,118,0.006476,0.01,nc,nc72750865,2017-01-11T03:42:19.301Z,"9km WNW of Cobb, California",earthquake,0.94,1.19,,1,automatic,nc,nc
2017-01-11T03:35:37.680Z,36.4698334,-120.8623352,10.41,1.92,md,7,186,0.4977,0.05,nc,nc72750850,2017-01-11T03:51:03.961Z,"37km NE of King City, California",earthquake,2.76,1.56,0.04,4,automatic,nc,nc
2017-01-11T03:35:00.150Z,63.5599,-147.314,1.3,1.3,ml,,,,0.22,ak,ak15060564,2017-01-11T03:43:19.157Z,"83km ENE of Cantwell, Alaska",earthquake,,1,,,automatic,ak,ak
2017-01-11T03:22:19.942Z,38.3964,-118.9371,0,1.3,ml,3,254.67,0.355,0.0342,nn,nn00573404,2017-01-12T02:38:30.045Z,"30km WSW of Hawthorne, Nevada",earthquake,,0,0.06,2,reviewed,nn,nn
2017-01-11T03:19:36.340Z,38.8250008,-122.8568344,1.82,0.98,md,12,129,0.002541,0.02,nc,nc72750845,2017-01-11T03:21:14.961Z,"10km WNW of The Geysers, California",earthquake,0.31,0.65,0.12,4,automatic,nc,nc
2017-01-11T03:15:44.700Z,37.6896667,-118.8418333,5.07,0.69,md,15,165,0.02403,0.05,nc,nc72750840,2017-01-11T19:44:47.872Z,"12km ENE of Mammoth Lakes, California",earthquake,0.43,31.61,0.223,10,reviewed,nc,nc
2017-01-11T02:58:30.588Z,60.0798,-152.6855,104.5,2,ml,,,,0.81,ak,ak15060550,2017-01-11T03:05:29.680Z,"45km S of Redoubt Volcano, Alaska",earthquake,,0.6,,,automatic,ak,ak
2017-01-11T02:49:18.570Z,-6.1542,154.4855,58.51,5,mb,,53,3.024,0.95,us,us10007si6,2017-01-11T03:05:47.040Z,"112km W of Panguna, Papua New Guinea",earthquake,6.6,5.8,0.056,101,reviewed,us,us
2017-01-11T02:36:30.590Z,0.5927,-80.009,10,4.9,mwr,,82,1.61,0.96,us,us10007si5,2017-01-11T03:20:32.660Z,"2km ESE of Muisne, Ecuador",earthquake,5.6,1.2,0.075,17,reviewed,us,us
2017-01-11T02:26:36.416Z,63.2749,-151.1062,0,1.8,ml,,,,0.83,ak,ak15060542,2017-01-11T02:35:11.295Z,"108km W of Cantwell, Alaska",earthquake,,0.3,,,automatic,ak,ak
2017-01-11T02:25:24.740Z,37.4126663,-122.2661667,4.73,1.66,md,9,169,0.02364,0.13,nc,nc72750830,2017-01-11T02:47:02.544Z,"2km SSW of Woodside, California",earthquake,1.23,0.88,0.54,6,automatic,nc,nc
2017-01-11T02:20:24.430Z,37.8703346,-122.2480011,9.25,1.92,md,27,50,0.003328,0.07,nc,nc72750825,2017-01-11T07:36:41.185Z,"2km E of Berkeley, California",earthquake,0.22,0.43,0.24,18,automatic,nc,nc
2017-01-11T02:19:53.670Z,33.8713333,-116.77,14.27,0.76,ml,19,105,0.044,0.1,ci,ci37783688,2017-01-11T20:32:39.732Z,"5km SSE of Cabazon, CA",earthquake,0.24,0.58,0.07,12,reviewed,ci,ci
2017-01-11T02:14:41.290Z,37.4971667,-118.8386667,3.81,0.75,md,12,163,0.09301,0.05,nc,nc72750820,2017-01-11T19:25:43.242Z,"20km SE of Mammoth Lakes, California",earthquake,0.66,1.33,0.091,9,reviewed,nc,nc
2017-01-11T02:14:07.293Z,61.3875,-152.147,8.8,0.3,ml,,,,0.2,ak,ak15060469,2017-01-11T02:21:37.267Z,"90km NNW of Nikiski, Alaska",earthquake,,0.3,,,automatic,ak,ak
2017-01-11T02:09:54.377Z,61.3868,-152.2265,0.9,2.4,ml,,,,0.99,ak,ak15060465,2017-01-11T02:25:18.331Z,"92km NNW of Nikiski, Alaska",earthquake,,0.3,,,automatic,ak,ak
2017-01-11T02:06:14.639Z,58.5385,-153.6504,78.2,2.4,ml,,,,0.46,ak,ak15060460,2017-01-11T02:14:14.672Z,"105km NW of Kodiak Station, Alaska",earthquake,,0.5,,,automatic,ak,ak
2017-01-11T02:02:20.203Z,59.5752,-151.3395,2.6,0.5,ml,,,,0.35,ak,ak15060458,2017-01-11T03:05:29.914Z,"13km ESE of Homer, Alaska",earthquake,,0.3,,,reviewed,ak,ak
2017-01-11T01:51:15.012Z,62.9862,-149.5641,20.1,0.6,ml,,,,0.85,ak,ak15060456,2017-01-11T02:57:07.050Z,"54km SW of Cantwell, Alaska",earthquake,,1.9,,,reviewed,ak,ak
2017-01-11T01:47:19.095Z,38.5035,-118.6228,14.2,0.3,ml,3,232.36,0.147,0.0846,nn,nn00573397,2017-01-12T02:38:28.627Z,"2km S of Hawthorne, Nevada",earthquake,,3.9,0.34,2,reviewed,nn,nn
2017-01-11T01:46:07.773Z,51.427,-160.4405,40.7,3.2,ml,,,,0.46,ak,ak15060452,2017-01-11T02:39:52.646Z,"South of Alaska",earthquake,,72.4,,,reviewed,ak,ak
2017-01-11T01:44:03.804Z,62.2179,-147.9712,20.3,2.5,ml,,,,0.73,ak,ak15060446,2017-01-11T01:55:19.381Z,"65km NE of Sutton-Alpine, Alaska",earthquake,,0.4,,,automatic,ak,ak
2017-01-11T00:57:03.382Z,60.6716,-151.1553,58.9,1.6,ml,,,,0.52,ak,ak15060439,2017-01-11T01:01:36.805Z,"7km ESE of Nikiski, Alaska",earthquake,,0.6,,,automatic,ak,ak
2017-01-11T00:53:52.050Z,37.542,-118.4075,3.2,0.78,md,6,106,0.02913,0.02,nc,nc72750810,2017-01-11T19:20:41.526Z,"17km N of Dixon Lane-Meadow Creek, California",earthquake,0.43,0.58,0.197,5,reviewed,nc,nc
2017-01-11T00:19:21.930Z,-41.7131,174.2686,19.49,4.5,mb,,102,0.054,0.67,us,us10007shp,2017-01-11T08:27:54.145Z,"34km SE of Blenheim, New Zealand",earthquake,1.7,4.9,0.204,7,reviewed,us,us
2017-01-11T00:09:45.428Z,64.9882,-147.2877,3.1,1.4,ml,,,,0.8,ak,ak15060364,2017-01-11T00:27:18.893Z,"23km NNE of Badger, Alaska",earthquake,,0.5,,,automatic,ak,ak
2017-01-10T23:48:27.470Z,38.8204994,-122.8121643,9.29,1.32,md,12,84,0.01765,0.18,nc,nc72750795,2017-01-11T00:08:03.267Z,"6km NW of The Geysers, California",earthquake,1.42,3.38,0.07,3,automatic,nc,nc
2017-01-10T23:38:21.320Z,33.467,-116.4141667,9.99,1.14,ml,45,98,0.05707,0.17,ci,ci37783672,2017-01-11T15:30:27.190Z,"24km N of Borrego Springs, CA",earthquake,0.22,0.36,0.184,26,reviewed,ci,ci
2017-01-10T23:29:21.480Z,33.5085,-116.5153333,12.85,0.79,ml,17,126,0.07388,0.13,ci,ci37783648,2017-01-11T14:20:47.752Z,"16km ESE of Anza, CA",earthquake,0.43,0.66,0.29,17,reviewed,ci,ci
2017-01-10T23:26:34.740Z,33.4731667,-116.4133333,11.22,0.78,ml,17,125,0.1294,0.07,ci,ci37783640,2017-01-11T20:11:53.031Z,"23km SSW of La Quinta, CA",earthquake,0.26,0.54,0.168,15,reviewed,ci,ci
2017-01-10T23:16:47.780Z,33.5058333,-116.5078333,14.05,0.76,ml,25,89,0.05504,0.12,ci,ci37783632,2017-01-11T14:20:55.057Z,"16km ESE of Anza, CA",earthquake,0.23,0.4,0.166,20,reviewed,ci,ci
2017-01-10T23:13:20.427Z,38.4175,-118.7699,14.8,0.8,ml,3,270.82,0.266,0.1641,nn,nn00573342,2017-01-11T01:03:41.399Z,"17km SW of Hawthorne, Nevada",earthquake,,12.1,0.04,2,reviewed,nn,nn
2017-01-10T23:03:54.685Z,38.4119,-118.9114,15.3,1.2,ml,4,261.24,0.357,0.025,nn,nn00573341,2017-01-11T00:57:33.414Z,"27km WSW of Hawthorne, Nevada",earthquake,,2.4,0.23,3,reviewed,nn,nn
2017-01-10T23:01:36.915Z,60.235,-140.6283,9.9,0.9,ml,,,,0.37,ak,ak15060360,2017-01-17T10:15:34.096Z,"91km NNW of Yakutat, Alaska",earthquake,,0.3,,,reviewed,ak,ak
2017-01-10T22:59:12.744Z,58.757,-153.6907,0.6,1.5,ml,,,,0.62,ak,ak15084599,2017-01-17T10:15:33.716Z,"127km NNW of Kodiak Station, Alaska",earthquake,,0.4,,,reviewed,ak,ak
2017-01-10T22:56:57.863Z,60.7551,-150.1318,34.3,0.9,ml,,,,0.3,ak,ak15060357,2017-01-17T10:15:33.362Z,"42km NE of Sterling, Alaska",earthquake,,0.6,,,reviewed,ak,ak
2017-01-10T22:56:34.529Z,68.8514,-147.625,7.8,0.9,ml,,,,0.37,ak,ak15084597,2017-01-17T10:15:32.998Z,"117km NW of Arctic Village, Alaska",earthquake,,1.7,,,reviewed,ak,ak
2017-01-10T22:53:22.051Z,63.2883,-151.3212,10.5,0.3,ml,,,,0.6,ak,ak15060355,2017-01-17T10:15:32.645Z,"119km W of Cantwell, Alaska",earthquake,,1.1,,,reviewed,ak,ak
2017-01-10T22:36:41.900Z,38.7779999,-122.7563324,1.11,1.1,md,8,127,0.01034,0,nc,nc72750790,2017-01-10T23:04:03.073Z,"0km N of The Geysers, California",earthquake,0.55,0.76,0.2,2,automatic,nc,nc
2017-01-10T22:34:58.911Z,59.6058,-150.4666,23,1,ml,,,,0.46,ak,ak15060293,2017-01-17T10:15:32.302Z,"48km ESE of Fritz Creek, Alaska",earthquake,,0.5,,,reviewed,ak,ak
2017-01-10T22:33:23.823Z,63.5362,-144.7618,0,0.5,ml,,,,0.61,ak,ak15060291,2017-01-17T10:15:31.944Z,"43km SSE of Deltana, Alaska",earthquake,,0.8,,,reviewed,ak,ak
2017-01-10T22:21:12.398Z,36.9805,-116.4279,8,-0.1,ml,7,100.94,0.026,0.0941,nn,nn00573339,2017-01-11T00:54:28.820Z,"30km ENE of Beatty, Nevada",earthquake,,1.4,0.37,5,reviewed,nn,nn
2017-01-10T22:18:52.120Z,33.8631667,-117.4963333,-0.5,1.57,ml,50,49,0.0553,0.2,ci,ci37783608,2017-01-11T16:07:58.135Z,"3km SE of Home Gardens, CA",quarry blast,0.32,31.61,0.144,46,reviewed,ci,ci
2017-01-10T22:14:39.782Z,38.4264,-118.8949,12.4,1.1,ml,4,258.74,0.353,0.1323,nn,nn00573338,2017-01-11T00:45:15.293Z,"25km WSW of Hawthorne, Nevada",earthquake,,8.5,0.03,2,reviewed,nn,nn
2017-01-10T22:12:03.420Z,49.4395,-120.5393333,-0.51,2.29,ml,7,243,0.6087,0.33,uw,uw61228182,2017-01-11T00:47:35.940Z,"2km SW of Princeton, Canada",explosion,2.73,31.61,0.057,6,reviewed,uw,uw
2017-01-10T22:11:15.593Z,61.9196,-150.9249,68.7,1.1,ml,,,,0.26,ak,ak15060278,2017-01-17T10:15:31.561Z,"50km WNW of Willow, Alaska",earthquake,,0.7,,,reviewed,ak,ak
2017-01-10T21:59:29.640Z,38.847,-122.827,1.4,1.75,md,36,39,0.008163,0.04,nc,nc72750770,2017-01-12T21:56:02.149Z,"9km WNW of Cobb, California",earthquake,0.13,0.19,0.19,12,reviewed,nc,nc
2017-01-10T21:37:04.861Z,63.5233,-150.969,7.4,1.6,ml,,,,0.66,ak,ak15060275,2017-01-17T10:15:31.140Z,"101km W of Cantwell, Alaska",earthquake,,0.1,,,reviewed,ak,ak
2017-01-10T21:28:41.650Z,48.0081667,-119.8813333,-0.98,1.76,ml,9,124,0.07668,0.19,uw,uw61228177,2017-01-11T00:43:57.000Z,"12km SW of Brewster, Washington",explosion,0.48,31.61,0.128,7,reviewed,uw,uw
2017-01-10T21:15:53.448Z,66.4114,-147.7082,11.4,1.1,ml,,,,0.37,ak,ak15060227,2017-01-17T10:15:30.727Z,"109km W of Fort Yukon, Alaska",earthquake,,0.3,,,reviewed,ak,ak
2017-01-10T21:15:38.260Z,36.8848333,-121.6046667,1.68,1.24,md,10,110,0.01019,0.03,nc,nc72750755,2017-01-14T01:21:03.702Z,"3km E of Aromas, California",earthquake,0.47,0.23,0.223,9,reviewed,nc,nc
2017-01-10T21:05:31.510Z,37.4317,-117.0239,15.6,0.5,ml,8,219.04,0.375,0.1441,nn,nn00573337,2017-01-11T00:42:06.132Z,"35km SSE of Goldfield, Nevada",earthquake,,8,0.4,5,reviewed,nn,nn
2017-01-10T21:05:30.100Z,63.216,-151.8426,6.8,0.7,ml,,,,0.65,ak,ak15060226,2017-01-17T10:15:30.320Z,"133km NW of Talkeetna, Alaska",earthquake,,0.4,,,reviewed,ak,ak
2017-01-10T20:46:10.185Z,60.2382,-140.6292,8.5,1.3,ml,,,,0.41,ak,ak15060210,2017-01-17T10:15:29.926Z,"92km NNW of Yakutat, Alaska",earthquake,,0.3,,,reviewed,ak,ak
2017-01-10T20:45:51.713Z,38.4104,-118.9106,10,1.6,ml,7,141.65,0.123,0.1573,nn,nn00573283,2017-01-10T21:06:01.398Z,"27km WSW of Hawthorne, Nevada",earthquake,,2.1,0.37,4,reviewed,nn,nn
2017-01-10T20:44:34.090Z,33.5003333,-116.7891667,6.68,0.47,ml,14,107,0.07803,0.06,ci,ci37783584,2017-01-11T14:20:56.259Z,"10km NE of Aguanga, CA",earthquake,0.18,0.42,0.074,13,reviewed,ci,ci
2017-01-10T20:41:43.668Z,51.648,-175.1955,46.2,2.5,ml,,,,0.38,ak,ak15060199,2017-01-17T10:15:29.557Z,"91km SW of Atka, Alaska",earthquake,,5.3,,,reviewed,ak,ak
2017-01-10T20:41:14.350Z,63.5131,-148.0866,3.1,1.9,ml,,,,0.66,ak,ak15060196,2017-01-17T10:15:28.980Z,"45km ENE of Cantwell, Alaska",earthquake,,0.2,,,reviewed,ak,ak
2017-01-10T20:38:57.370Z,33.7603333,-116.0373333,2.53,1.55,ml,47,38,0.1121,0.17,ci,ci37783560,2017-01-11T15:24:11.690Z,"16km NE of Coachella, CA",earthquake,0.14,0.32,0.122,41,reviewed,ci,ci
2017-01-10T20:37:57.925Z,37.1285,-117.7383,0,0.4,ml,3,217.67,0.128,0.1382,nn,nn00573280,2017-01-10T21:12:12.434Z,"49km E of Big Pine, California",earthquake,,0,0.48,3,reviewed,nn,nn
2017-01-10T20:33:27.960Z,32.7701667,-116.8833333,-0.28,1.42,ml,26,67,0.06054,0.22,ci,ci37783552,2017-01-11T15:16:40.114Z,"6km ENE of Rancho San Diego, CA",quarry blast,0.32,31.61,0.106,12,reviewed,ci,ci
2017-01-10T20:27:30.679Z,36.6291,-116.9416,6.8,0.6,ml,10,190.32,0.1,0.1416,nn,nn00573336,2017-01-11T00:29:46.915Z,"35km SSW of Beatty, Nevada",earthquake,,2.1,0.31,7,reviewed,nn,nn
2017-01-10T20:21:49.080Z,46.2058333,-122.1918333,9.6,0.52,ml,8,123,0.00569,0.14,uw,uw61228167,2017-01-11T00:34:08.400Z,"38km NNE of Amboy, Washington",earthquake,0.76,1.03,0.077,5,reviewed,uw,uw
2017-01-10T20:00:28.500Z,19.014,-66.0255,14,2.4,Md,4,291.6,0.75458484,0.18,pr,pr17010006,2017-01-11T19:10:59.040Z,"62km N of San Juan, Puerto Rico",earthquake,4.3,8.8,0,4,reviewed,pr,pr
2017-01-10T19:58:13.200Z,19.0361,-64.888,24,2.2,Md,3,302.4,0.70966907,0.21,pr,pr17010005,2017-01-10T23:52:12.961Z,"74km NNW of Road Town, British Virgin Islands",earthquake,2.1,19.2,0,3,reviewed,pr,pr
2017-01-10T19:40:43.646Z,63.5038,-151.2935,5.9,0.8,ml,,,,0.47,ak,ak15060147,2017-01-17T10:15:28.575Z,"117km W of Cantwell, Alaska",earthquake,,0.4,,,reviewed,ak,ak
2017-01-10T19:26:42.841Z,62.8216,-150.0809,73,0.9,ml,,,,0.51,ak,ak15060131,2017-01-17T10:15:28.146Z,"55km N of Talkeetna, Alaska",earthquake,,0.4,,,reviewed,ak,ak
2017-01-10T19:24:09.558Z,59.9034,-152.7805,86.7,1.3,ml,,,,0.23,ak,ak15084584,2017-01-17T10:15:27.771Z,"55km WNW of Anchor Point, Alaska",earthquake,,0.6,,,reviewed,ak,ak
2017-01-10T19:19:46.839Z,53.6045,-166.7801,78.8,3.5,ml,,,,0.43,ak,ak15060125,2017-01-17T10:15:27.345Z,"33km SSW of Unalaska, Alaska",earthquake,,0.5,,,reviewed,ak,ak
2017-01-10T19:00:50.950Z,19.3866667,-155.2773333,2.442,2.24,ml,18,65,0.004138,0.11,hv,hv61555321,2017-01-11T17:52:46.040Z,"6km SW of Volcano, Hawaii",earthquake,0.33,0.2,0.151,16,reviewed,hv,hv
2017-01-10T19:00:49.630Z,19.4085,-155.2821667,3.328,1.98,md,6,272,0.01534,0.04,hv,hv61555316,2017-01-11T03:14:42.890Z,"5km WSW of Volcano, Hawaii",earthquake,1.52,0.87,0.156,2,reviewed,hv,hv
2017-01-10T19:00:15.710Z,35.0515,-118.351,-0.75,1.22,ml,17,71,0.06125,0.18,ci,ci37783536,2017-01-10T22:59:36.520Z,"13km SE of Tehachapi, CA",quarry blast,0.4,31.61,0.14,15,reviewed,ci,ci
2017-01-10T18:44:23.170Z,33.2385,-115.6683333,2.88,2.13,ml,47,43,0.06724,0.19,ci,ci37783528,2017-01-11T18:10:31.400Z,"14km SSE of Bombay Beach, CA",earthquake,0.29,0.5,0.202,26,reviewed,ci,ci
2017-01-10T18:43:13.687Z,62.0484,-150.731,0.1,1,ml,,,,0.58,ak,ak15060081,2017-01-17T10:15:26.979Z,"44km SW of Talkeetna, Alaska",earthquake,,0.3,,,reviewed,ak,ak
2017-01-10T18:42:10.030Z,45.2378333,-113.1218333,3.16,2.01,ml,11,111,0.454,0.09,mb,mb80196309,2017-01-10T18:52:47.840Z,"38km W of Dillon, Montana",earthquake,0.6,6.51,0.187,2,reviewed,mb,mb
2017-01-10T18:41:23.056Z,38.4361,-118.8848,7.1,1.1,ml,5,272.36,0.096,0.0948,nn,nn00573264,2017-01-10T19:02:05.839Z,"24km WSW of Hawthorne, Nevada",earthquake,,3.5,0.19,2,reviewed,nn,nn
2017-01-10T18:18:45.600Z,62.2376,-150.1445,3.4,0.9,ml,,,,0.76,ak,ak15060079,2017-01-17T10:15:26.573Z,"9km S of Talkeetna, Alaska",earthquake,,0.4,,,reviewed,ak,ak
2017-01-10T18:06:26.392Z,37.7938,-117.7248,3.4,1.5,ml,11,67.59,0.469,0.1247,nn,nn00573256,2017-01-10T18:58:59.712Z,"44km WNW of Goldfield, Nevada",earthquake,,3.4,0.29,4,reviewed,nn,nn
2017-01-10T18:04:44.585Z,38.4247,-118.8698,9.4,1.5,ml,5,245.15,0.335,0.1557,nn,nn00573255,2017-01-10T18:42:59.808Z,"24km WSW of Hawthorne, Nevada",earthquake,,3.5,0.23,3,reviewed,nn,nn
2017-01-10T17:58:29.888Z,53.4987,-165.3734,23,2.7,ml,,,,0.48,ak,ak15060065,2017-01-17T10:15:26.134Z,"75km SSE of Akutan, Alaska",earthquake,,1.9,,,reviewed,ak,ak
2017-01-10T17:28:46.400Z,19.0986,-66.0558,21,2.9,Md,15,252,0.76356799,0.23,pr,pr17010004,2017-01-11T15:35:11.040Z,"74km N of San Juan, Puerto Rico",earthquake,1,18.3,0,13,reviewed,pr,pr
2017-01-10T17:26:50.790Z,34.126,-116.6213333,10.14,0.58,ml,14,170,0.09001,0.26,ci,ci37783520,2017-01-11T16:14:45.948Z,"10km NNW of Morongo Valley, CA",earthquake,0.67,0.85,0.168,6,reviewed,ci,ci
2017-01-10T17:19:41.610Z,33.4988333,-116.7896667,6.16,0.81,ml,37,39,0.07951,0.12,ci,ci37783512,2017-01-10T18:02:56.430Z,"9km NE of Aguanga, CA",earthquake,0.13,0.45,0.135,20,reviewed,ci,ci
2017-01-10T17:17:14.080Z,46.5715,-111.967,3.81,1.53,ml,15,95,0.168,0.14,mb,mb80196284,2017-01-10T18:23:02.550Z,"4km NW of Montana City, Montana",earthquake,0.39,5.46,0.051,2,reviewed,mb,mb
2017-01-10T17:15:32.190Z,33.6531667,-116.7351667,13.96,0.61,ml,30,92,0.05353,0.11,ci,ci37783504,2017-01-10T17:57:35.668Z,"10km S of Idyllwild, CA",earthquake,0.16,0.25,0.121,12,reviewed,ci,ci
2017-01-10T17:11:31.650Z,54.4757,-161.6244,13.2,1.5,ml,,,,0.72,ak,ak15084579,2017-01-17T10:15:25.779Z,"105km SE of Cold Bay, Alaska",earthquake,,1.1,,,reviewed,ak,ak
2017-01-10T17:10:53.980Z,-8.1807,117.5728,24.84,4.6,mb,,65,3.397,1.1,us,us10007sdm,2017-01-11T15:27:50.040Z,"22km WSW of Labuhankananga, Indonesia",earthquake,7.4,5.9,0.09,37,reviewed,us,us
2017-01-10T17:07:44.560Z,34.3433333,-116.8821667,-1.6,1.38,ml,54,47,0.04551,0.21,ci,ci37783496,2017-01-10T17:40:33.064Z,"10km NNW of Big Bear City, CA",quarry blast,0.26,31.61,0.098,30,reviewed,ci,ci
2017-01-10T16:55:52.898Z,52.5206,-164.771,10,1.9,ml,,,,0.34,ak,ak15084578,2017-01-17T10:15:25.429Z,"191km SE of Unalaska, Alaska",earthquake,,0,,,reviewed,ak,ak
2017-01-10T16:53:42.600Z,63.599,-147.6324,0.3,0.9,ml,,,,0.61,ak,ak15060013,2017-01-17T10:15:25.033Z,"69km ENE of Cantwell, Alaska",earthquake,,17,,,reviewed,ak,ak
2017-01-10T16:24:59.852Z,38.4327,-118.8744,9.6,1.1,ml,6,177.05,0.338,0.1686,nn,nn00573259,2017-01-10T18:43:03.003Z,"24km WSW of Hawthorne, Nevada",earthquake,,13.3,0.04,2,reviewed,nn,nn
2017-01-10T16:23:56.080Z,40.3046684,-124.0496674,30.12,3.27,ml,17,92,0.1248,0.09,nc,nc72750720,2017-01-13T01:27:00.029Z,"22km SSE of Rio Dell, California",earthquake,0.53,1.17,0.273,8,automatic,nc,nc
2017-01-10T16:22:11.603Z,59.6744,-153.3378,110.9,1.5,ml,,,,0.4,ak,ak15084576,2017-01-17T10:15:24.658Z,"85km W of Anchor Point, Alaska",earthquake,,0.4,,,reviewed,ak,ak
2017-01-10T16:21:55.560Z,27.5876,139.97,462.02,4.8,mb,,48,2.029,0.69,us,us10007sdg,2017-01-10T18:08:50.040Z,"229km WNW of Chichi-shima, Japan",earthquake,8.6,6.3,0.03,330,reviewed,us,us
2017-01-10T16:20:47.991Z,52.7189,-168.6368,41.4,2.4,ml,,,,0.3,ak,ak15059962,2017-01-17T10:15:24.291Z,"28km SSE of Nikolski, Alaska",earthquake,,0.7,,,reviewed,ak,ak
2017-01-10T16:16:42.730Z,36.2798,-97.3766,5.72,2.7,mb_lg,,34,0.338,0.37,us,us10007sdc,2017-01-10T17:27:48.040Z,"8km W of Perry, Oklahoma",earthquake,1.2,7.3,0.161,10,reviewed,us,us
2017-01-10T16:11:42.362Z,38.6942,-118.4759,9.7,1.7,ml,10,87.55,0.076,0.1378,nn,nn00573236,2017-01-10T16:48:49.671Z,"22km NE of Hawthorne, Nevada",earthquake,,1.5,0.28,5,reviewed,nn,nn
2017-01-10T16:01:45.730Z,33.1906667,-116.3885,13.52,0.86,ml,32,108,0.08097,0.15,ci,ci37783480,2017-01-10T16:31:12.044Z,"7km S of Borrego Springs, CA",earthquake,0.23,0.53,0.125,15,reviewed,ci,ci
2017-01-10T16:01:30.594Z,60.3897,-152.4747,101.6,1.4,ml,,,,0.33,ak,ak15059956,2017-01-17T10:15:23.915Z,"18km SE of Redoubt Volcano, Alaska",earthquake,,0.8,,,reviewed,ak,ak
2017-01-10T15:47:30.465Z,60.9902,-150.2112,48.8,1.2,ml,,,,0.32,ak,ak15059952,2017-01-17T10:15:23.538Z,"30km SSW of Anchorage, Alaska",earthquake,,0.3,,,reviewed,ak,ak
2017-01-10T15:34:39.214Z,57.728,-156.3033,118.5,2.4,ml,,,,0.6,ak,ak15059911,2017-01-17T10:15:23.087Z,"109km SSE of King Salmon, Alaska",earthquake,,0.4,,,reviewed,ak,ak
2017-01-10T15:32:15.680Z,37.3496667,-119.9826667,16.87,1.96,md,7,113,0.2027,0.07,nc,nc72750710,2017-01-14T05:41:02.729Z,"15km S of Mariposa, California",earthquake,0.32,0.72,0.3,6,reviewed,nc,nc
2017-01-10T15:28:13.050Z,53.2944,-166.2736,31.56,3.9,mb,,157,0.568,1.11,us,us10007sd3,2017-01-17T10:18:30.893Z,"66km SSE of Unalaska, Alaska",earthquake,7.2,5.2,0.094,30,reviewed,us,us
2017-01-10T15:27:15.090Z,-10.1328,161.0275,28.47,6.3,mww,,14,1.268,0.67,us,us10007sd4,2017-01-11T01:20:42.431Z,"104km WNW of Kirakira, Solomon Islands",earthquake,7.5,3,,,reviewed,us,us
2017-01-10T15:09:36.276Z,64.8393,-150.9736,11.3,0.3,ml,,,,0.37,ak,ak15059864,2017-01-17T10:15:22.206Z,"24km SW of Manley Hot Springs, Alaska",earthquake,,1.3,,,reviewed,ak,ak
2017-01-10T15:08:42.649Z,61.2764,-151.7009,90.9,1.3,ml,,,,0.35,ak,ak15059863,2017-01-17T10:15:21.813Z,"69km NNW of Nikiski, Alaska",earthquake,,0.5,,,reviewed,ak,ak
2017-01-10T15:01:21.998Z,38.4335,-118.8811,6.4,1.3,ml,6,130.26,0.094,0.1686,nn,nn00573224,2017-01-10T17:16:45.637Z,"24km WSW of Hawthorne, Nevada",earthquake,,2.8,0.15,2,reviewed,nn,nn
2017-01-10T14:59:49.000Z,-31.335,-70.939,93.1,5,mwr,,,,0.62,us,us10007sd0,2017-01-11T13:16:04.341Z,"39km NNE of Illapel, Chile",earthquake,4.8,6,,,reviewed,guc,guc
2017-01-10T14:59:38.864Z,61.4206,-149.4581,34.3,1,ml,,,,0.54,ak,ak15059861,2017-01-17T10:15:21.412Z,"12km SE of Knik-Fairview, Alaska",earthquake,,0.5,,,reviewed,ak,ak
2017-01-10T14:57:40.682Z,52.9914,-166.6428,9.6,1.6,ml,,,,0.28,ak,ak15059860,2017-01-17T10:15:21.053Z,"98km S of Unalaska, Alaska",earthquake,,3.1,,,reviewed,ak,ak
2017-01-10T14:57:06.440Z,19.3878333,-155.2715,1.583,0.16,md,6,229,0.007763,0.09,hv,hv61555151,2017-01-11T03:17:45.810Z,"5km SW of Volcano, Hawaii",earthquake,1,0.41,,1,reviewed,hv,hv
2017-01-10T14:52:20.300Z,18.8521,-64.6863,29,2.3,Md,4,306,0.5228195,0.09,pr,pr17010003,2017-01-10T15:48:57.838Z,"48km N of Road Town, British Virgin Islands",earthquake,2.2,7.8,0,4,reviewed,pr,pr
